13120,Facebook Live Stream Views - [Max 15K] [Stay For 15 Mins] [ð’ð“ð€ðð‹ð„] [INSTANT],222.568,20,15 000,No Refill,27 minutes
8257,Facebook Live Stream Views - [Max 15K] [Stay For 30 Mins] [ð’ð“ð€ðð‹ð„] [INSTANT],439.5718,20,15 000,No Refill,41 minutes
8258,Facebook Live Stream Views - [Max 15K] [Stay For 60 Mins] [ð’ð“ð€ðð‹ð„] [INSTANT],879.1436,20,15 000,No Refill,1 hour 12 minutes
8259,Facebook Live Stream Views - [Max 15K] [Stay For 90 Mins] [ð’ð“ð€ðð‹ð„] [INSTANT],1318.7154,20,15 000,No Refill,1 hour 42 minutes
8260,Facebook Live Stream Views - [Max 15K] [Stay For 120 Mins] [ð’ð“ð€ðð‹ð„] [INSTANT],1752.723,20,15 000,No Refill,2 hours 10 minutes
8261,Facebook Live Stream Views - [Max 15K] [Stay For 150 Mins] [ð’ð“ð€ðð‹ð„] [INSTANT],2192.2948,20,15 000,No Refill,22 minutes
8262,Facebook Live Stream Views - [Max 15K] [Stay For 180 Mins] [ð’ð“ð€ðð‹ð„] [INSTANT],2631.8666,20,15 000,No Refill,3 hours 7 minutes
8263,Facebook Live Stream Views - [Max 15K] [Stay For 210 Mins] [ð’ð“ð€ðð‹ð„] [INSTANT],3071.4384,20,15 000,No Refill,3 hours 42 minutes
8264,Facebook Live Stream Views - [Max 15K] [Stay For 240 Mins] [ð’ð“ð€ðð‹ð„] [INSTANT],3650.1152,20,5 000,No Refill,4 hours 17 minutes
8266,Facebook Live Stream Views - [Max 15K] [Stay For 300 Mins] [ð’ð“ð€ðð‹ð„] [INSTANT],4735.1342,20,15 000,No Refill,33 minutes
8268,Facebook Live Stream Views - [Max 15K] [Stay For 480 Mins] [ð’ð“ð€ðð‹ð„] [INSTANT],7010.892,20,15 000,No Refill,23 minutes
8277,Facebook Live Stream Views - [Max 10K] [Stay For 30 Mins] [ðð¨ð§-ðƒð«ð¨ð© & ðð„ð’ð“] [INSTANT],484.0854,50,10 000,No Refill,40 minutes
8278,Facebook Live Stream Views - [Max 10K] [Stay For 60 Mins] [ðð¨ð§-ðƒð«ð¨ð© & ðð„ð’ð“] [INSTANT],962.6066,50,10 000,No Refill,1 hour 34 minutes
8279,Facebook Live Stream Views - [Max 10K] [Stay For 90 Mins] [ðð¨ð§-ðƒð«ð¨ð© & ðð„ð’ð“] [INSTANT],1441.1278,50,10 000,No Refill,1 hour 43 minutes
8280,Facebook Live Stream Views - [Max 10K] [Stay For 120 Mins] [ðð¨ð§-ðƒð«ð¨ð© & ðð„ð’ð“] [INSTANT],1925.2132,50,10 000,No Refill,2 hours 13 minutes
8281,Facebook Live Stream Views - [Max 10K] [Stay For 150 Mins] [ðð¨ð§-ðƒð«ð¨ð© & ðð„ð’ð“] [INSTANT],2370.3492,50,10 000,No Refill,2 hours 40 minutes
8282,Facebook Live Stream Views - [Max 10K] [Stay For 180 Mins] [ðð¨ð§-ðƒð«ð¨ð© & ðð„ð’ð“] [INSTANT],2882.2556,50,10 000,No Refill,3 hours 15 minutes
8283,Facebook Live Stream Views - [Max 10K] [Stay For 210 Mins] [ðð¨ð§-ðƒð«ð¨ð© & ðð„ð’ð“] [INSTANT],3366.341,50,10 000,No Refill,3 hours 36 minutes
8284,Facebook Live Stream Views - [Max 10K] [Stay For 240 Mins] [ðð¨ð§-ðƒð«ð¨ð© & ðð„ð’ð“] [INSTANT],3844.8622,50,10 000,No Refill,55 minutes
8286,Facebook Live Stream Views - [Max 10K] [Stay For 300 Mins] [ðð¨ð§-ðƒð«ð¨ð© & ðð„ð’ð“] [INSTANT],4807.4688,50,10 000,No Refill,5 hours 12 minutes
8285,Facebook Live Stream Views - [Max 10K] [Stay For 480 Mins] [ðð¨ð§-ðƒð«ð¨ð© & ðð„ð’ð“] [INSTANT],7684.1602,50,10 000,No Refill,16 minutes
15936,Facebook Post Likes [ð„ð§ð ð¥ð¢ð¬ð¡ ðð«ð¨ðŸð¢ð¥ðžð¬] [30 Days Refill] [Max 30K] [High Quality] [Speed Up To 30K/D] [INSTANT],1758.2872,10,100 000,30 Days Refill,38 minutes
15937,Facebook Profile Followers [ð„ð§ð ð¥ð¢ð¬ð¡ ðð«ð¨ðŸð¢ð¥ðžð¬] [30 Days Refill] [Max 30K] [High Quality] [Speed Up To 30K/D] [INSTANT],3216.1076,10,100 000,30 Days Refill,1 hour 17 minutes
15938,Facebook Page Followers [ð„ð§ð ð¥ð¢ð¬ð¡ ðð«ð¨ðŸð¢ð¥ðžð¬] [30 Days Refill] [Max 30K] [High Quality] [Speed Up To 30K/D] [INSTANT],3216.1076,10,1 000,30 Days Refill,18 minutes
15940,Facebook Group Members [ð„ð§ð ð¥ð¢ð¬ð¡ ðð«ð¨ðŸð¢ð¥ðžð¬] [30 Days Refill] [Max 30K] [High Quality] [Speed Up To 30K/D] [INSTANT],3705.7572,10,100 000,30 Days Refill,23 minutes
16094,Facebook Page Likes + Followers [Low Quality] | No Refill | Max 50K | Speed 10K/Day | 0-15 Mins,333.852,50,50 000,No Refill,2 hours 19 minutes
10464,Facebook Page Likes + Followers - [ð€ð§ð² ð‹ðšð²ð¨ð®ð­] [30 Days Refill] [Max 500K] [Speed 10K/Day] [0-1HR],300.4668,10,500 000,30 Days Refill,11 minutes
16097,Facebook Page Likes + Followers [ð–ð¨ð«ð¥ðð–ð¢ððž ðŸŒŽ] | 30 Days Refill | Max 1M | Speed 100K/Day | 0-15 Mins,194.747,10,1 000 000,30 Days Refill,7 hours 52 minutes
15875,Facebook Page Likes + Followers | No Refill | Good Quality | Speed Up To 50K/Day | 0-1HR,411.7508,50,100 000,No Refill,49 minutes
15869,Facebook Page Likes + Followers | 30 Days Refill | Speed UpTo 100K/Day | Refill Button Enabled | 0-1HR,461.8286,10,500 000,30 Days Refill,2 hours 10 minutes
16096,Facebook Page Likes + Followers [ð–ð¨ð«ð¥ðð–ð¢ððž ðŸŒŽ] | No Refill | Max 1M | Speed 30K/Day | 0-15 Mins,183.6186,10,1 000 000,No Refill,14 minutes
8902,Facebook Page Likes + Followers - [ð€ð§ð² ð‹ðšð²ð¨ð®ð­] [60 Days Refill] [Max 2M] [Speed 30K/Day] [0-1HR],400.6224,10,200 000,60 Days Refill,11 minutes
16098,Facebook Page Likes + Followers [ð–ð¨ð«ð¥ðð–ð¢ððž ðŸŒŽ] | 90 Days Refill | Max 1M | Speed 100K/Day | 0-15 Mins,211.4396,10,1 000 000,90 Days Refill,16 minutes
6975,Facebook Page Likes + Followers - [ð€ð§ð² ð‹ðšð²ð¨ð®ð­] [90 Days Refill] [Max 500K] [Refill Button] [Speed 10-20K/Day] [INSTANT],478.5212,100,500 000,90 Days Refill,46 minutes
16018,Facebook Page Likes + Followers | 30 Days Refill | Good Quality | Speed Up To 20K/Day | 0-1HR,422.8792,20,300 000,30 Days Refill,9 minutes
15939,Facebook Page Likes + Followers [ð„ð§ð ð¥ð¢ð¬ð¡ ðð«ð¨ðŸð¢ð¥ðžð¬] [30 Days Refill] [Max 30K] [High Quality] [Speed Up To 30K/D] [INSTANT],528.599,10,30 000,30 Days Refill,3 minutes
10466,Facebook Page Likes + Followers - [ð€ð¥ð¥ ð“ð²ð©ðž ð€ð¥ð¥ð¨ð°ðžð] [14 Days Refill] [Max 1M] [Speed 10K/Day] [0-3 HRS],272.6458,10,1 000 000,No Refill,9 minutes
8199,Facebook Page Likes + Followers - [ð€ð§ð² ð‹ðšð²ð¨ð®ð­] [30 Days Refill] [Max 2M] [Speed 30K/Day] [0-2HRS],445.136,50,2 000 000,30 Days Refill,1 hour 6 minutes
10871,Facebook Page Likes + Followers - [ð€ð§ð² ð‹ðšð²ð¨ð®ð­] [60 Days Refill] [Max 100K] [Speed 100K/Day] [INSTANT],595.3694,10,100 000,60 Days Refill,23 minutes
10926,Facebook Page Likes + Followers - [ð€ð§ð² ð‹ðšð²ð¨ð®ð­] [Lifetime Refill] [Max 1M] [Speed 5K/Day] [Non-Drop] [0-1HR],968.1708,10,1 000 000,Lifetime Refill,9 minutes
16095,Facebook Page Likes + Followers [Low Quality] | 30 Days Refill | Max 10K | Speed 10K/Day | 0-15 Mins,155.7976,100,10 000,30 Days Refill,108 hours 17 minutes
10924,Facebook Page Likes + Followers - [ð€ð§ð² ð‹ðšð²ð¨ð®ð­] [Lifetime Refill] [Max 1M] [Refill Button] [Speed 20K/Day] [0-1HR],868.0152,10,1 000 000,Lifetime Refill,8 minutes
8202,Facebook Page Likes + Followers - [ð‚ð¥ðšð¬ð¬ð¢ðœ ð‹ðšð²ð¨ð®ð­] [30 Days Refill] [ð‘ðžðŸð¢ð¥ð¥ ðð®ð­ð­ð¨ð§] [Max 500K] [Speed 5-20K/Day] [INSTANT],834.63,10,5 000 000,30 Days Refill,2 minutes
15488,ðŸŒ Facebook Real & Organic Page Followers [Max 10K] [Speed 5K/Day] [0-1HR],2086.575,100,2 000,30 Days Refill,4 hours 8 minutes
15871,Facebook Followers | All Links Accepted | 30 Days Refill | Max 1M | Refill Button Enabled | Speed UpTo 100K/Day | 0-1HR,267.0816,10,1 000 000,30 Days Refill,10 minutes
15870,Facebook Followers | All Links Accepted | No Refill | Max 1M | Speed UpTo 20K/Day | 0-1HR,122.4124,10,1 000 000,No Refill,12 minutes
10461,Facebook Page Followers - [ð…ðšð§ð©ðšð ðž / ððšð ðž] [No Refill] [Max 200K] [Speed 30K/Day] [INSTANT],127.9766,10,200 000,No Refill,20 minutes
10544,Facebook Page Followers - [ð…ðšð§ð©ðšð ðž / ððšð ðž] [60 Days Refill] [Refill Button] [Speed 30-50K/Day] [Instant],183.6186,10,1 000 000,60 Days Refill,1 hour 10 minutes
16092,Facebook ðð«ð¨ðŸð¢ð¥ðž / ððšð ðž Followers [ð–ð¨ð«ð¥ðð–ð¢ððž ðŸŒŽ] | No Refill | Max 100K | Speed 30K/Day | INSTANT,83.463,10,100 000,No Refill,1 hour 52 minutes
16093,Facebook ðð«ð¨ðŸð¢ð¥ðž / ððšð ðž Followers [ð–ð¨ð«ð¥ðð–ð¢ððž ðŸŒŽ] | 30 Days Refill | Max 100K | Speed 30K/Day | INSTANT,189.1828,100,100 000,30 Days Refill,49 minutes
10932,Facebook Page / Profile Followers - [30 Days Refill] [Max 1M] | HQ [Speed 50K/Day] [0-15Mins],283.7742,10,1 000 000,30 Days Refill,6 minutes
12884,Facebook Page / Profile Followers - [ð€ð¥ð¥ ð‹ð¢ð§ð¤ð¬ ð€ðœðœðžð©ð­ðžð] [Unlimited] [Lifetime Warranty] [Refill Button] [Speed 30K/Day] [INSTANT],539.7274,100,200 000,Lifetime Refill,4 minutes
10933,Facebook Page Followers - [ð…ðšð§ð©ðšð ðž / ððšð ðž / ðð«ð¨ðŸð¢ð¥ðž ð‹ðšð²ð¨ð®ð­] [60 Days Refill] [Max 3M] [Speed 20K/Day] [0-15Mins],450.7002,50,3 000 000,60 Days Refill,37 minutes
10545,Facebook Followers - [ð€ð¥ð¥ ð‹ð¢ð§ð¤ð¬ ð€ðœðœðžð©ð­ðžð] [Unlimited] [60 Days Refill] [Speed 20K/Day] [INSTANT],406.1866,50,100 000,60 Days Refill,3 hours 3 minutes
10472,Facebook ðð«ð¨ðŸð¢ð¥ðž / ððšð ðž Followers [ð€ð¬ð¢ðšð§] | No Refill | Max 10K | Speed 10K/Day | INSTANT,183.6186,100,15 000,No Refill,235 hours 42 minutes
10870,Facebook Page Followers - [ð€ð§ð² ð‹ðšð²ð¨ð®ð­] [No Refill] [Max 200K] [Speed 5K/Day] [0-24 HRS],127.9766,10,200 000,No Refill,37 minutes
15874,Facebook Followers | All Links Accepted | No Refill | Max 100K | Speed UpTo 10K/Day | 0-2 HRS,166.926,100,100 000,No Refill,54 minutes
9276,Facebook Page Followers - [ð…ðšð§ð©ðšð ðž / ððšð ðž] [30 Days Refill] [Max 150K] [Speed 30K/Day] [INSTANT],172.4902,10,150 000,30 Days Refill,14 minutes
12885,Facebook Page Followers - [ð€ð§ð² ð‹ðšð²ð¨ð®ð­] [30 Days Refill] [Max 100K] [Speed 10K/Day] [0-1HR],283.7742,10,1 000 000,30 Days Refill,33 minutes
15489,ðŸŒ Facebook Real & Organic Profile Followers [Max 10K] [Speed 5K/Day] [0-1HR],1947.47,100,2 000,30 Days Refill,26 minutes
7148,Facebook Profile Followers - [30 Days Refill] [ðð¨ð§-ðƒð«ð¨ð©] [Speed 15K/Day] [INSTANT],239.2606,10,1 000 000,30 Days Refill,9 minutes
10955,Facebook Profile Followers - [30 Days Refill] [Max 200K] [Speed 20-30K/Day] [Non-Drop] [ð‚ð¡ðžðšð©ðžð¬ð­] [0-1HR],100.1556,10,1 000 000,30 Days Refill,7 minutes
6900,Facebook Profile Followers - [30 Days Refill] [Max 100K] [ðð¨ð§-ðƒð«ð¨ð©] [Speed 100K/Day] [0-2 HRS],161.3618,10,1 000 000,30 Days Refill,18 minutes
4806,Facebook Profile Followers - [ð€ð§ð² ð‹ðšð²ð¨ð®ð­] [60 Days Refill] [Unlimited] [Speed 30K/Day] [Always Instant],161.3618,10,5 000 000,60 Days Refill,5 minutes
10956,Facebook Profile Followers - [30 Days Refill] [Max 1M] [Speed 50K/Day] [Non-Drop] [0-1HR],178.0544,100,100 000,30 Days Refill,3 hours 44 minutes
10927,Facebook Profile Followers - [ð€ð§ð² ð‹ðšð²ð¨ð®ð­] [Lifetime Refill] [Max 10M] [Speed 10K/Day] [0-1HR],239.2606,50,1 000 000,Lifetime Refill,25 minutes
4973,Facebook Page Likes + Followers - [ð‚ð¥ðšð¬ð¬ð¢ðœ ð‹ðšð²ð¨ð®ð­] [Lifetime Refill] [ð‘ðžðŸð¢ð¥ð¥ ðð®ð­ð­ð¨ð§] [Max 300K] [ðð¨ð§-ðƒð«ð¨ð©] [Speed 10K/Day] [INSTANT],378.3656,100,300 000,Lifetime Refill,5 hours 46 minutes
10930,Facebook Page Likes - [120 Days Refill] [Max 3M] | ð‘ð„ð€ð‹ | Speed Up To 50K/Day [Always Instant],834.63,20,3 000 000,120 Days Refill,19 minutes
10460,Facebook Group Members - [Unlimited] [Speed 3-5K/Day] [0-30Mins],233.6964,50,100 000,No Refill,1 hour 40 minutes
6234,Facebook Group Members - [10 Days Refill] [Max 5M] [Speed 10-20K/Day] [INSTANT],200.3112,10,5 000 000,No Refill,33 minutes
6918,Facebook Group Members - [30 Days Refill] [Max 300K] [Speed 5K/Day] [Non-Drop] [INSTANT],205.8754,10,100 000,30 Days Refill,31 minutes
10947,Facebook Group Members - [30 Days Refill] [Max 500K] [Speed 50-150K/Day] [Non-Drop] [ððžð¬ð­ ð’ð©ðžðžð] [Instant],623.1904,10,500 000,30 Days Refill,7 minutes
6977,Facebook Group Members - [No Refill] [Max 20K] [Speed 10K/Day] [INSTANT],200.3112,10,20 000,No Refill,28 minutes
10945,Facebook Group Members - [30 Days Refill] [Max 500K] [Speed 30-50K/Day] [Non-Drop] [ð‡ð¢ð ð¡ ðð®ðšð¥ð¢ð­ð²] [0-1 Hour],4011.7882,10,500 000,30 Days Refill,16 minutes
10944,Facebook Group Members - [30 Days Refill] [Max 100K] [Speed 5-20K/Day] [Non-Drop] [ð–ðŽð‘ð‹ðƒð–ðˆðƒð„] [0-30Mins],217.0038,10,100 000,30 Days Refill,11 minutes
10946,Facebook Group Members - [60 Days Refill] [Max 2M] [Speed 25K/Day] [Non-Drop] [Instant],250.389,10,2 000 000,60 Days Refill,33 minutes
10547,Facebook Group Members - [90 Days Refill] [Speed 10-30K/Day] [0-30Mins],545.2916,10,1 000 000,90 Days Refill,23 minutes
16099,Facebook Group Members [Low Quality] | No Refill | Max 100K | Speed 20K/Day | 0-15 Mins,194.747,100,100 000,No Refill,7 minutes
16100,Facebook Group Members [Low Quality] | 30 Days Refill | Max 100K | Speed 20K/Day | 0-15 Mins,200.3112,100,100 000,30 Days Refill,52 hours 40 minutes
16101,Facebook Group Members [Low Quality] | 365 Days Refill | Max 100K | Speed 20K/Day | 0-15 Mins,211.4396,10,100 000,365 Days Refill,16 minutes
9274,ðŸŒ Facebook Post Likes - [90 Days Refill] [ð‘ðžðšð¥ & ð‡ð¢ð ð¡ ðð®ðšð¥ð¢ð­ð² ð”ð¬ðžð«ð¬] [Max 15K] [Speed 15K/Day] [INSTANT] [ð‘ð„ð‚ðŽðŒðŒð„ððƒð„ðƒ],973.735,100,2 000,90 Days Refill,7 minutes
10941,Facebook Post Likes - [No Refill] [Max 50K] [Speed 50K/Day] [ð‚ð¡ðžðšð©ðžð¬ð­] [0-1HR],111.284,10,50 000,No Refill,13 minutes
10939,Facebook Post Likes - [Lifetime Refill] [Max 5M] [Speed 50-150K/Day] [Non-Drop] [INSTANT],261.5174,10,5 000 000,Lifetime Refill,3 minutes
10458,Facebook Post Likes - [Lifetime Warranty] [Max 2M] [Speed Up To 50K/Day] [0-30Mins],300.4668,50,2 000 000,Lifetime Refill,3 minutes
6181,Facebook Post Likes - [REAL] [No Refill] [Max 100K] [Speed 20K/Day] [0-1HR],127.9766,10,1 000 000,No Refill,5 minutes
6909,Facebook Post Likes - [ðð¨ð§-ðƒð«ð¨ð©] [Max 200K] [Speed 1K/HR] [0-1HR],261.5174,50,200 000,No Refill,2 minutes
10942,Facebook Post Likes - [30 Days Refill] [Max 500K] [Speed 50K/Day] [Non-Drop] [Best Quality] [INSTANT],211.4396,10,500 000,30 Days Refill,2 minutes
10936,Facebook Post Likes - [30 Days Refill] [Max 500K] [Speed Up To 30K/Day] [INSTANT],194.747,50,500 000,30 Days Refill,2 minutes
10938,Facebook Post Likes - [No Refill] [Max 500K] [Speed 50K/Day] [INSTANT],127.9766,50,500 000,No Refill,6 minutes
10943,Facebook Post Likes - [Lifetime Refill] [Max 1M] [Speed 100K/Day] [Non-Drop] [HQ] [INSTANT],294.9026,10,1 000 000,Lifetime Refill,4 minutes
8983,Facebook Post Likes - [60 Days Refill] [Max 30K] [Speed 10K/Day] [0-1HR],228.1322,10,30 000,60 Days Refill,2 minutes
10459,Facebook Post Likes - [No Refill] [Max 100K] [Speed 10-30K/Day] [0-15Mins],139.105,10,100 000,30 Days Refill,9 minutes
10895,Facebook Post React - [Loveâ¤ï¸] [ð„ð§ð ð¥ð¢ð¬ð¡ ðð«ð¨ðŸð¢ð¥ðžð¬] [Max 100K] [Speed 20K/Day] [ðð¨ð§-ðƒð«ð¨ð©] [Instant],178.0544,100,10 000,Lifetime Refill,12 minutes
10896,Facebook Post React - [CareðŸ¤—] [ð„ð§ð ð¥ð¢ð¬ð¡ ðð«ð¨ðŸð¢ð¥ðžð¬] [Max 100K] [Speed 20K/Day] [ðð¨ð§-ðƒð«ð¨ð©] [Instant],178.0544,100,10 000,Lifetime Refill,23 minutes
10897,Facebook Post React - [AngryðŸ¤¬] [ð„ð§ð ð¥ð¢ð¬ð¡ ðð«ð¨ðŸð¢ð¥ðžð¬] [Max 100K] [Speed 20K/Day] [ðð¨ð§-ðƒð«ð¨ð©] [Instant],178.0544,100,10 000,Lifetime Refill,60 hours 28 minutes
10898,Facebook Post React - [HahaðŸ˜‚] [ð„ð§ð ð¥ð¢ð¬ð¡ ðð«ð¨ðŸð¢ð¥ðžð¬] [Max 100K] [Speed 20K/Day] [ðð¨ð§-ðƒð«ð¨ð©] [Instant],178.0544,100,10 000,Lifetime Refill,22 minutes
10899,Facebook Post React - [WowðŸ˜²] [ð„ð§ð ð¥ð¢ð¬ð¡ ðð«ð¨ðŸð¢ð¥ðžð¬] [Max 100K] [Speed 20K/Day] [ðð¨ð§-ðƒð«ð¨ð©] [Instant],178.0544,100,10 000,Lifetime Refill,1 hour 47 minutes
10900,Facebook Post React - [SadðŸ˜¥] [ð„ð§ð ð¥ð¢ð¬ð¡ ðð«ð¨ðŸð¢ð¥ðžð¬] [Max 100K] [Speed 20K/Day] [ðð¨ð§-ðƒð«ð¨ð©] [Instant],178.0544,100,10 000,Lifetime Refill,17 minutes
8211,Facebook Post Emoji Reacts - [ð‘ð„ð€ð‹] [ LIKE ðŸ‘] [Lifetime Warranty] [Max 2K] [ððšð­ð®ð«ðšð¥ ð’ð©ðžðžð],228.1322,50,2 000,Lifetime Refill,9 minutes
8212,Facebook Post Emoji Reacts - [ð‘ð„ð€ð‹] [ LOVE â¤ï¸Ù] [Lifetime Warranty] [Max 2K] [ððšð­ð®ð«ðšð¥ ð’ð©ðžðžð],178.0544,100,2 000,Lifetime Refill,1 hour 41 minutes
8213,Facebook Post Emoji Reacts - [ð‘ð„ð€ð‹] [ CARE ðŸ¥°] [Lifetime Warranty] [Max 2K] [ððšð­ð®ð«ðšð¥ ð’ð©ðžðžð],178.0544,100,2 000,Lifetime Refill,17 minutes
8214,Facebook Post Emoji Reacts - [ð‘ð„ð€ð‹] [ HAHA ðŸ˜‚] [Lifetime Warranty] [Max 2K] [ððšð­ð®ð«ðšð¥ ð’ð©ðžðžð],178.0544,100,2 000,Lifetime Refill,10 hours 46 minutes
8215,Facebook Post Emoji Reacts - [ð‘ð„ð€ð‹] [ WOW ðŸ˜²] [Lifetime Warranty] [Max 2K] [ððšð­ð®ð«ðšð¥ ð’ð©ðžðžð],178.0544,100,2 000,Lifetime Refill,22 minutes
8216,Facebook Post Emoji Reacts - [ð‘ð„ð€ð‹] [ SAD ðŸ˜¢] [Lifetime Warranty] [Max 2K] [ððšð­ð®ð«ðšð¥ ð’ð©ðžðžð],178.0544,100,2 000,Lifetime Refill,12 minutes
8210,Facebook Post Emoji Reacts - [ð‘ð„ð€ð‹] [ ANGRY ðŸ˜¡] [Lifetime Warranty] [Max 2K] [ððšð­ð®ð«ðšð¥ ð’ð©ðžðžð],178.0544,100,2 000,Lifetime Refill,60 hours 12 minutes
9208,Facebook Post Emoji Reacts [LIKE ðŸ‘] - [30 Days Refill [Max 5K] [Speed 5K/Day] [Good Quality] [INSTANT],339.4162,10,5 000,30 Days Refill,3 hours 1 minute
9209,Facebook Post Emoji Reacts [LOVE â¤ï¸Ù] - [30 Days Refill [Max 5K] [Speed 5K/Day] [Good Quality] [INSTANT],339.4162,10,5 000,30 Days Refill,1 hour 42 minutes
9210,Facebook Post Emoji Reacts [WOW ðŸ˜¯] - [30 Days Refill [Max 5K] [Speed 5K/Day] [Good Quality] [INSTANT],339.4162,10,5 000,30 Days Refill,11 hours 45 minutes
9211,Facebook Post Emoji Reacts [HAHA ðŸ˜€] - [30 Days Refill [Max 5K] [Speed 5K/Day] [Good Quality] [INSTANT],339.4162,10,5 000,30 Days Refill,26 minutes
9212,Facebook Post Emoji Reacts [CRY ðŸ˜­] - [30 Days Refill [Max 5K] [Speed 5K/Day] [Good Quality] [INSTANT],339.4162,10,5 000,30 Days Refill,55 minutes
9213,Facebook Post Emoji Reacts [ANGRY ðŸ˜¡] - [30 Days Refill [Max 5K] [Speed 5K/Day] [Good Quality] [INSTANT],339.4162,10,5 000,30 Days Refill,36 minutes
10872,Facebook Post Emoji Reacts [CAREðŸ¤—] - [30 Days Refill [Max 5K] [Speed 5K/Day] [Good Quality] [INSTANT],339.4162,10,5 000,30 Days Refill,33 minutes
10887,Facebook Post React - [LikesðŸ‘] [No Refill] [Max 100K] [Speed 100K/Day] [ðð¨ð§-ðƒð«ð¨ð©] [ð’ð®ð©ðžð«-ð…ðšð¬ð­] [Instant],606.4978,10,100 000,No Refill,4 hours 17 minutes
10888,Facebook Post React - [Loveâ¤ï¸] [No Refill] [Max 100K] [Speed 100K/Day] [ðð¨ð§-ðƒð«ð¨ð©] [ð’ð®ð©ðžð«-ð…ðšð¬ð­] [Instant],728.9102,10,100 000,No Refill,23 minutes
10889,Facebook Post React - [CareðŸ¤—] [No Refill] [Max 100K] [Speed 100K/Day] [ðð¨ð§-ðƒð«ð¨ð©] [ð’ð®ð©ðžð«-ð…ðšð¬ð­] [Instant],728.9102,10,100 000,No Refill,9 hours 55 minutes
10890,Facebook Post React - [HahaðŸ˜‚] [No Refill] [Max 100K] [Speed 100K/Day] [ðð¨ð§-ðƒð«ð¨ð©] [ð’ð®ð©ðžð«-ð…ðšð¬ð­] [Instant],728.9102,10,100 000,No Refill,19 minutes
10891,Facebook Post React - [WowðŸ˜²] [No Refill] [Max 100K] [Speed 100K/Day] [ðð¨ð§-ðƒð«ð¨ð©] [ð’ð®ð©ðžð«-ð…ðšð¬ð­] [Instant],728.9102,10,100 000,No Refill,23 minutes
10892,Facebook Post React - [SadðŸ˜¥] [No Refill] [Max 100K] [Speed 100K/Day] [ðð¨ð§-ðƒð«ð¨ð©] [ð’ð®ð©ðžð«-ð…ðšð¬ð­] [Instant],728.9102,10,100 000,No Refill,22 minutes
10893,Facebook Post React - [AngryðŸ¤¬] [No Refill] [Max 100K] [Speed 100K/Day] [ðð¨ð§-ðƒð«ð¨ð©] [ð’ð®ð©ðžð«-ð…ðšð¬ð­] [Instant],728.9102,10,100 000,No Refill,15 minutes
16522,Facebook Post Emoji Reacts [ LIKE ðŸ‘ ] - [No Refill] [Max 500K] [Speed 10K/Day] [Instant],111.284,10,500 000,No Refill,4 minutes
6188,Facebook Post Emoji Reacts [ LOVE â¤ï¸Ù] - [No Refill] [Max 500K] [Speed 10K/Day] [Instant],127.9766,10,500 000,No Refill,30 minutes
6192,Facebook Post Emoji Reacts [ CARE ðŸ¥°] - [No Refill] [Max 500K] [Speed 10K/Day] [Instant],127.9766,10,500 000,No Refill,7 minutes
6193,Facebook Post Emoji Reacts [ HAHA ðŸ˜‚] - [No Refill] [Max 500K] [Speed 10K/Day] [Instant],127.9766,10,500 000,No Refill,4 minutes
6191,Facebook Post Emoji Reacts [ WOW ðŸ˜²] - [No Refill] [Max 500K] [Speed 10K/Day] [Instant],127.9766,10,500 000,No Refill,4 minutes
6189,Facebook Post Emoji Reacts [ SAD ðŸ˜¢] - [No Refill] [Max 500K] [Speed 10K/Day] [Instant],127.9766,10,500 000,No Refill,4 minutes
6190,Facebook Post Emoji Reacts [ ANGRY ðŸ˜¡] - [No Refill] [Max 500K] [Speed 10K/Day] [Instant],127.9766,10,500 000,No Refill,4 minutes
10880,Facebook Post React- [Like ðŸ‘] [30 Days Refill] [Max 100K] [Speed 20K/Day] [0-5Mins],150.2334,10,1 000 000,30 Days Refill,35 minutes
10881,Facebook Post React - [Love ðŸ’–] [30 Days Refill] [Max 100K] [Speed 20K/Day] [0-5Mins],150.2334,10,100 000,30 Days Refill,7 minutes
10882,Facebook Post React - [Haha ðŸ˜€] [30 Days Refill] [Max 100K] [Speed 20K/Day] [0-5Mins],150.2334,10,100 000,30 Days Refill,17 minutes
10883,Facebook Post React - [Wow ðŸ˜²] [30 Days Refill] [Max 100K] [Speed 20K/Day] [0-5Mins],150.2334,10,100 000,30 Days Refill,30 minutes
10884,Facebook Post React - [Sad ðŸ˜¢] [30 Days Refill] [Max 100K] [Speed 20K/Day] [0-5Mins],1391.05,10,10 000 000,30 Days Refill,33 minutes
10885,Facebook Post React - [Angry ðŸ˜¡] [30 Days Refill] [Max 100K] [Speed 20K/Day] [0-5Mins],2053.1898,10,10 000 000,30 Days Refill,55 minutes
10886,Facebook Post React - [Love â¤ï¸] [30 Days Refill] [Max 100K] [Speed 20K/Day] [0-5Mins],150.2334,10,100 000,30 Days Refill,26 minutes
7057,Facebook Page Likes - [LATIN AMERICA] [Lifetime Refill] [Max 900K] [Speed 1-3K/Day] [0-1 HR],47273.4432,2 000,900 000,Lifetime Refill,33 minutes
7059,Facebook Page Likes - [UK] [30 Days Refill] [Max 10K] [Real & Non Drop] [Speed 5K/Day] [0-3 HRS],16080.538,10,100 000,30 Days Refill,55 minutes
6643,Facebook Page Likes - [FRANCE] [365 Days Refill] [Max 2K] [Non Drop] [Speed 100-200/Day] [0-3 HRS],6754.9388,10,2 000,365 Days Refill,16 minutes
6642,Facebook Page Likes - [ITALY] [365 Days Refill] [Max 1K] [Non Drop] [Speed 100-200/Day] [0-3 HRS],6888.4796,10,1 000,365 Days Refill,23 minutes
6641,Facebook Page Likes - [CANADA] [365 Days Refill] [Max 1.5K] [Non Drop] [Speed 100-200/Day] [0-3 HRS],12063.1856,10,100 000,365 Days Refill,11 minutes
6639,Facebook Page Likes - [ENGLAND] [365 Days Refill] [Max 1.5K] [Non Drop] [Speed 100-200/Day] [0-3 HRS],12063.1856,10,5 000,365 Days Refill,17 minutes
6638,Facebook Page Likes - [KOREA] [365 Days Refill] [Max 1K] [Non Drop] [Speed 100-200/Day] [0-3 HRS],6610.2696,10,1 000,365 Days Refill,55 minutes
7249,Facebook Page Likes - [MALAYSIA] [30 Days Refill] [Max 1K] [Speed 50-100/Day] [0-4 HRS],9570.424,10,1 000,30 Days Refill,16 minutes
7250,Facebook Page Likes - [AUSTRALIA] [30 Days Refill] [Max 500] [Speed 50-200/Day] [0-4 HRS],9709.529,10,5 000,30 Days Refill,17 minutes
7251,Facebook Page Likes - [AFRICA] [REAL] [Lifetime Refill] [Max 800K] [Speed 1-3K/Day] [0-1 HR],39260.9952,1 000,800 000,Lifetime Refill,22 minutes
6167,Facebook Page Likes - [INDIA] [60 Days Refill] [Max 45K] [Speed 1-2K/Day] [0-1 HR],5747.8186,500,45 000,60 Days Refill,33 minutes
10953,Facebook Friend Request - [Lifetime Refill] [Max 1M] [Speed 5K/Day] [Instant],1669.26,200,1 000 000,Lifetime Refill,139 hours 1 minute
6261,Facebook Friend Request - [PROFILE] [30 Days Refill] [Max 5K] [Speed 2-5K/Day] [0-3 HRS],2325.8356,200,5 000,30 Days Refill,51 hours 28 minutes
6256,Facebook Friend Request - [PROFILE] [30 Days Refill] [Max 2M] [Speed 5-10K/Day] [INSTANT],1530.155,200,2 000 000,30 Days Refill,101 hours 11 minutes
16104,Facebook ðŸðŸŽðŸŽðŠ ð•ð¢ððžð¨ / ð‘ðžðžð¥ ð•ð¢ðžð°ð¬ ððšðœð¤ðšð ðž - [Lifetime Refill] [ð’ð©ðžðžð ðŸðŸŽðŸŽðŒ/ðƒðšð²] [0-15Mins],2893.384,1 000,1 000,Lifetime Refill,23 minutes
16529,Facebook ðŸðŸŽðŸŽðŠ ð•ð¢ððžð¨ / ð‘ðžðžð¥ ð•ð¢ðžð°ð¬ ððšðœð¤ðšð ðž - [Lifetime Refill] [ð’ð©ðžðžð ðŸðŸŽðŸŽðŠ/ðƒðšð²] [0-15Mins],1669.26,1 000,1 000,Lifetime Refill,11 hours 56 minutes
10970,Facebook ð•ð¢ððžð¨ / ð‘ðžðžð¥ Views - [Lifetime Refill] [ðŸŽ-ðŸðŸŽ ðŒð¢ð§ð¬] [Speed 1-5M/Day] [0-15Mins],33.3852,100,10 000 000,Lifetime Refill,34 minutes
16528,Facebook ð•ð¢ððžð¨ / ð‘ðžðžð¥ Views - [Lifetime Refill] [ðŸŽ-ðŸðŸŽ ðŒð¢ð§ð¬] [Speed 1-5M/Day] [0-15Mins],33.3852,100,10 000 000,No Refill,27 hours 22 minutes
10971,Facebook ð•ð¢ððžð¨ / ð‘ðžðžð¥ Views - [Lifetime Refill] [ðŸŽ-ðŸðŸŽ ðŒð¢ð§ð¬] [Speed 100K/Day] [0-15Mins],27.821,100,50 000 000,Lifetime Refill,44 minutes
16103,Facebook ð•ð¢ððžð¨ Views + Likes - [Lifetime Refill] [ðŸŽ-ðŸðŸŽ ðŒð¢ð§ð¬] [Speed 500K/Day] [0-15Mins],38.9494,100,10 000 000,Lifetime Refill,4 hours 38 minutes
15972,Facebook ð•ð¢ððžð¨ Views + Plays - [Lifetime Refill] [ðŸŽ-ðŸðŸŽ ðŒð¢ð§ð¬] [Speed 500K/Day] [0-15Mins],52.8599,100,10 000 000,Lifetime Refill,32 minutes
11800,Facebook ð‘ðžðžð¥ Views - [Unlimited] [Speed 100K/Day] [0-10Mins],22.2568,500,1 000 000 000,Lifetime Refill,34 minutes
8904,Facebook ð‘ðžðžð¥ Views - [Unlimited] [Speed 2M/Day] [0-10Mins],33.3852,100,10 000 000,No Refill,1 hour 56 minutes
6930,Facebook ð•ð¢ððžð¨ / ð‘ðžðžð¥ Views - [3 SECS] [Max 10M] [Speed 500K/Day] INSTANT,61.2062,100,10 000 000,Lifetime Refill,24 minutes
9012,Facebook ð•ð¢ððžð¨ / ð‘ðžðžð¥ Views - [10 SECS] [Max 10M] [Speed 500K/Day] INSTANT,72.3346,100,10 000 000,Lifetime Refill,1 hour 52 minutes
8221,Facebook ð•ð¢ððžð¨ / ð‘ðžðžð¥ Views - [15 SECS] [Max 10M] [Speed 500K/Day] INSTANT,77.8988,100,100 000 000,Lifetime Refill,3 hours 41 minutes
9013,Facebook ð•ð¢ððžð¨ / ð‘ðžðžð¥ Views - [30 SECS] [Max 10M] [Speed 500K/Day] INSTANT,77.8988,100,100 000 000,Lifetime Refill,1 hour 33 minutes
9023,Facebook ð•ð¢ððžð¨ / ð‘ðžðžð¥ Views - [1 MINS] [Max 10M] [Speed 500K/Day] INSTANT,83.463,100,100 000 000,Lifetime Refill,1 hour 40 minutes
9024,Facebook ð•ð¢ððžð¨ / ð‘ðžðžð¥ Views - [3 MINS] [Max 10M] [Speed 500K/Day] INSTANT,83.463,100,10 000 000,Lifetime Refill,28 hours 48 minutes
9025,Facebook ð•ð¢ððžð¨ / ð‘ðžðžð¥ Views - [5 MINS] [Max 10M] [Speed 500K/Day] INSTANT,89.0272,100,10 000 000,Lifetime Refill,55 minutes
9026,Facebook ð•ð¢ððžð¨ / ð‘ðžðžð¥ Views - [10 MINS] [Max 10M] [Speed 500K/Day] INSTANT,94.5914,100,10 000 000,Lifetime Refill,183 hours 56 minutes
16523,Facebook ð•ð¢ððžð¨ / ð‘ðžðžð¥ Views - [15 MINS] [Max 10M] [Speed 500K/Day] INSTANT,100.1556,100,10 000 000,Lifetime Refill,16 minutes
8903,Facebook ð•ð¢ððžð¨ / ð‘ðžðžð¥ Views - [Unlimited] [3 SECS] [Speed 200K/Day] [0-10Mins],44.5136,500,30 000 000,Lifetime Refill,38 minutes
6235,Facebook ð•ð¢ððžð¨ / ð‘ðžðžð¥ Views - [Unlimited] [10 SECS] [Speed 200K/Day] [0-10Mins],55.642,500,30 000 000,Lifetime Refill,59 minutes
6259,Facebook ð•ð¢ððžð¨ / ð‘ðžðžð¥ Views - [Unlimited] [15 SECS] [Speed 200K/Day] [0-10Mins],72.3346,500,30 000 000,Lifetime Refill,1 hour 46 minutes
9277,Facebook ð•ð¢ððžð¨ / ð‘ðžðžð¥ Views - [Unlimited] [30 SECS] [Speed 200K/Day] [0-10Mins],77.8988,500,30 000 000,Lifetime Refill,23 minutes
10502,Facebook ð•ð¢ððžð¨ / ð‘ðžðžð¥ Views - [Unlimited] [1 MINS] [Speed 200K/Day] [0-10Mins],77.8988,500,30 000 000,Lifetime Refill,22 minutes
10503,Facebook ð•ð¢ððžð¨ / ð‘ðžðžð¥ Views - [Unlimited] [3 MINS] [Speed 200K/Day] [0-10Mins],83.463,500,30 000 000,Lifetime Refill,22 minutes
10504,Facebook ð•ð¢ððžð¨ / ð‘ðžðžð¥ Views - [Unlimited] [6 MINS] [Speed 200K/Day] [0-10Mins],89.0272,500,30 000 000,Lifetime Refill,16 minutes
10505,Facebook ð•ð¢ððžð¨ / ð‘ðžðžð¥ Views - [Unlimited] [10 MINS] [Speed 200K/Day] [0-10Mins],94.5914,500,30 000 000,Lifetime Refill,23 minutes
16524,Facebook Watch Time ðŸ”ðŸŽðŠ - [ ð–ðšð­ðœð¡ ð“ð¢ð¦ðž ð…ð¨ð« ðŸ”ðŸŽ ðŒð¢ð§ð®ð­ðžð¬+ ð•ð¢ððžð¨ð¬ ] [0-30 Mins],411.7508,1 000,1 000,No Refill,33 minutes
16525,Facebook Watch Time ðŸðŸðŸŽðŠ - [ ð–ðšð­ðœð¡ ð“ð¢ð¦ðž ð…ð¨ð« ðŸ”ðŸŽ ðŒð¢ð§ð®ð­ðžð¬+ ð•ð¢ððžð¨ð¬ ] [0-30 Mins],817.9374,1 000,1 000,No Refill,11 minutes
16526,Facebook Watch Time ðŸðŸ–ðŸŽðŠ - [ ð–ðšð­ðœð¡ ð“ð¢ð¦ðž ð…ð¨ð« ðŸ”ðŸŽ ðŒð¢ð§ð®ð­ðžð¬+ ð•ð¢ððžð¨ð¬ ] [0-30 Mins],1224.124,1 000,1 000,No Refill,16 minutes
16527,Facebook Watch Time ðŸ”ðŸŽðŸŽðŠ - [ ð–ðšð­ðœð¡ ð“ð¢ð¦ðž ð…ð¨ð« ðŸ”ðŸŽ ðŒð¢ð§ð®ð­ðžð¬+ ð•ð¢ððžð¨ð¬ ] [0-30 Mins],4072.9944,1 000,1 000,No Refill,17 minutes
12877,Facebook Watch Time - [ðŸ”ðŸŽðŠ ðŒð¢ð§ð®ð­ðžð¬ For 3 Hours Video] [ðŸ’-ðŸ– ð‡ð‘ð’ ð‚ð¨ð¦ð©ð¥ðžð­ð¢ð¨ð§ ð“ð¢ð¦ðž],634.3188,1,1,No Refill,16 minutes
12876,Facebook Watch Time - [ðŸ”ðŸŽðŠ ðŒð¢ð§ð®ð­ðžð¬ For 2 Hours Video] [ðŸ’-ðŸ– ð‡ð‘ð’ ð‚ð¨ð¦ð©ð¥ðžð­ð¢ð¨ð§ ð“ð¢ð¦ðž],673.2682,1,1,No Refill,11 minutes
12875,Facebook Watch Time - [ðŸ”ðŸŽðŠ ðŒð¢ð§ð®ð­ðžð¬ For 1 Hour Video] [ðŸ’-ðŸ– ð‡ð‘ð’ ð‚ð¨ð¦ð©ð¥ðžð­ð¢ð¨ð§ ð“ð¢ð¦ðž],951.4782,1,1,No Refill,11 minutes
12879,Facebook Watch Time - [ðŸðŸðŸŽðŠ ðŒð¢ð§ð®ð­ðžð¬ For 3 Hours Video] [ðŸ’-ðŸ– ð‡ð‘ð’ ð‚ð¨ð¦ð©ð¥ðžð­ð¢ð¨ð§ ð“ð¢ð¦ðž],890.272,1,1,No Refill,17 minutes
12880,Facebook Watch Time - [ðŸðŸðŸŽðŠ ðŒð¢ð§ð®ð­ðžð¬ For 2 Hours Video] [ðŸ’-ðŸ– ð‡ð‘ð’ ð‚ð¨ð¦ð©ð¥ðžð­ð¢ð¨ð§ ð“ð¢ð¦ðž],979.2992,1,1,No Refill,11 minutes
12878,Facebook Watch Time - [ðŸðŸðŸŽðŠ ðŒð¢ð§ð®ð­ðžð¬ For 1 Hours Video] [ðŸ’-ðŸ– ð‡ð‘ð’ ð‚ð¨ð¦ð©ð¥ðžð­ð¢ð¨ð§ ð“ð¢ð¦ðž],1340.9722,1,1,No Refill,55 minutes
9285,Facebook Watch Time - [ðŸðŸ–ðŸŽðŠ ðŒð¢ð§ð®ð­ðžð¬ For 3 Hours Video] [ðŸ’-ðŸ– ð‡ð‘ð’ ð‚ð¨ð¦ð©ð¥ðžð­ð¢ð¨ð§ ð“ð¢ð¦ðž],1335.408,1,1,No Refill,23 minutes
9284,Facebook Watch Time - [ðŸðŸ–ðŸŽðŠ ðŒð¢ð§ð®ð­ðžð¬ For 2 Hours Video] [ðŸ’-ðŸ– ð‡ð‘ð’ ð‚ð¨ð¦ð©ð¥ðžð­ð¢ð¨ð§ ð“ð¢ð¦ðž],1463.3846,1,1,No Refill,11 minutes
15973,Facebook Watch Time - [ðŸðŸ–ðŸŽðŠ ðŒð¢ð§ð®ð­ðžð¬ For 1 Hour Video] [ðŸ’-ðŸ– ð‡ð‘ð’ ð‚ð¨ð¦ð©ð¥ðžð­ð¢ð¨ð§ ð“ð¢ð¦ðž],1352.1006,1,1,No Refill,33 minutes
12881,Facebook Watch Time - [ðŸ”ðŸŽðŸŽ ðŠ ðŒð¢ð§ð®ð­ðžð¬ For 3 Hours Video] [ðŸ’-ðŸ– ð‡ð‘ð’ ð‚ð¨ð¦ð©ð¥ðžð­ð¢ð¨ð§ ð“ð¢ð¦ðž],1580.2328,1,1,No Refill,17 minutes
12882,Facebook Watch Time - [ðŸ”ðŸŽðŸŽ ðŠ ðŒð¢ð§ð®ð­ðžð¬ For 2 Hours Video] [ðŸ’-ðŸ– ð‡ð‘ð’ ð‚ð¨ð¦ð©ð¥ðžð­ð¢ð¨ð§ ð“ð¢ð¦ðž],1719.3378,1,1,No Refill,22 minutes
12883,Facebook Watch Time - [ðŸ”ðŸŽðŸŽ ðŠ ðŒð¢ð§ð®ð­ðžð¬ For 1 Hour Video] [ðŸ’-ðŸ– ð‡ð‘ð’ ð‚ð¨ð¦ð©ð¥ðžð­ð¢ð¨ð§ ð“ð¢ð¦ðž],2353.6566,1,1,No Refill,23 minutes
4983,Facebook Live Stream Video Reacts - â¤ï¸ [Heart] [No Refill] [Max 100K] [Speed 500-1K/Hour] [INSTANT],1446.692,100,100 000,No Refill,4 minutes
4985,Facebook Live Stream Video Reacts - ðŸ˜† [Haha] [No Refill] [Max 1M] [Speed 500-1K/Hour] [INSTANT],1446.692,100,100 000,No Refill,33 minutes
4986,Facebook Live Stream Video Reacts - ðŸ˜¯ [Wow] [No Refill] [Max 1M] [Speed 500-1K/Hour] [INSTANT],1446.692,100,100 000,No Refill,16 minutes
4987,Facebook Live Stream Video Reacts - ðŸ˜¢ [Sad] [No Refill] [Max 1M] [Speed 500-1K/Hour] [INSTANT],1446.692,100,100 000,No Refill,55 minutes
4988,Facebook Live Stream Video Reacts - ðŸ˜ [Angry] [No Refill] [Max 1M] [Speed 500-1K/Hour] [INSTANT],1446.692,100,100 000,No Refill,22 minutes
8305,Facebook Live Stream Video - [ð‚ð”ð’ð“ðŽðŒ ð‚ðŽðŒðŒð„ðð“ð’] [Max 200K] [Speed 1-3K/Day] [INSTANT],1574.6686,10,200 000,No Refill,33 minutes
12888,Facebook Live Stream Video - [ð‚ð”ð’ð“ðŽðŒ ð‚ðŽðŒðŒð„ðð“ð’] [ð„ð§ð ð¥ð¢ð¬ð¡ ðð«ð¨ðŸð¢ð¥ðžð¬] [Max 1K] [Speed 1K/Day] [INSTANT],7511.67,20,1 000,No Refill,17 minutes
8330,Facebook Story Views - [No Refill] [Max 50K] [Speed 5-10K/Day] [INSTANT],439.5718,100,1 000 000,No Refill,55 minutes
10957,Facebook Story Views - [No Refill] [Max 500K] [Speed 50-150K/HR] [ð‡ð¢ð ð¡ ð’ð©ðžðžð] [Always Instant],539.7274,100,500 000,No Refill,16 minutes
10949,Facebook Page Reviews - [30 Days Refill] [Max 10K] [Speed 100-500/Day] [Asia] [ððžð¬ð­ ðð®ðšð¥ð¢ð­ð²] [Non-Drop] [0-6HRS],6621.398,5,10 000,30 Days Refill,55 minutes
10950,Facebook Page Reviews - [Yes - Recommendation] [Custom Comments] [365 Days Refill] [Max 4K] [Speed 50-100/Day] [Non-Drop] [0-12HRS],5842.41,5,1 000,365 Days Refill,32 hours 35 minutes
16530,Facebook ðŸðŸŽðŸŽðŠ ð•ð¢ððžð¨ / ð‘ðžðžð¥ ð•ð¢ðžð°ð¬ ððšðœð¤ðšð ðž - [Lifetime Refill] [ð’ð©ðžðžð ðŸðŸŽðŸŽðŠ/ðƒðšð²] [0-15Mins],1669.26,1 000,1 000,Lifetime Refill,17 minutes
16531,Facebook ðŸðŸŽðŸŽðŠ ð•ð¢ððžð¨ / ð‘ðžðžð¥ ð•ð¢ðžð°ð¬ ððšðœð¤ðšð ðž - [Lifetime Refill] [ð’ð©ðžðžð ðŸðŸŽðŸŽðŒ/ðƒðšð²] [0-15Mins],2893.384,1 000,1 000,Lifetime Refill,55 minutes
7061,Facebook Reel Likes - [No Refill] [Max 50K] [Speed 2K/HR] [INSTANT],250.389,20,50 000,No Refill,17 minutes
6922,Facebook Reel Likes - [No Refill] [Max 2K] [Speed 1-2K/Day] [0-12HRS],144.6692,10,2 000,No Refill,5 minutes
7335,Facebook Reel Likes - [30 Days Refill] [Max 200K] [Speed 10K/Day] [0-12HRS],222.568,50,200 000,No Refill,2 minutes
6249,Facebook Reel Comments - [ð‚ð®ð¬ð­ð¨ð¦] [30 Days Refill] [Max 100K] [Speed 2K/Day] [0-12HRS],1786.1082,10,100 000,30 Days Refill,21 hours 23 minutes
7159,Facebook Reel Comments - [ð‚ð®ð¬ð­ð¨ð¦] [30 Days Refill] [Max 100K] [Speed 1-2K/Day] [0-12HRS],15857.97,25,100 000,30 Days Refill,55 minutes
6250,Facebook Reel Comments - [ð‚ð®ð¬ð­ð¨ð¦] [30 Days Refill] [Max 1K] [Speed 500/Day] [INSTANT],5564.2,5,10 000,30 Days Refill,16 minutes
6251,Facebook Reel Video - [SHARE] [30 Days Refill] [Max 100K] [Speed 50K/Day] [0-12HRS],662.1398,100,100 000,30 Days Refill,5 minutes
11071,Facebook Comments - [Custom] [No Refill] [Max 5K] [Speed 2-8K/Day] [Non Drop] [High Quality] [WORLDWIDE] [INSTANT],1340.9722,10,5 000,No Refill,20 hours 39 minutes
6924,Facebook Comments [ð€ð‹ð‹ ð‹ðˆððŠð’] - [ð‚ð”ð’ð“ðŽðŒ] [Non-Drop] [Max 1M] [Speed 100-200/Day] [INSTANT],1396.6142,10,1 000 000,No Refill,36 hours 34 minutes
8316,Facebook Comments [ððŽð’ð“ / ðð‡ðŽð“ðŽ] - [ð‚ð”ð’ð“ðŽðŒ] [Max 100K] [Speed 1-2K/Day] [0-6HRS],2064.3182,10,100 000,No Refill,48 hours 37 minutes
11070,Facebook Comments - [Custom] [No Refill] [Max 5K] [Speed 2K/Day] [Non Drop] [WORLDWIDE] [INSTANT],6955.25,20,5 000,No Refill,9 hours 12 minutes
3644,Facebook Comments [ð€ð‹ð‹ ð‹ðˆððŠð’] - [ð‚ð”ð’ð“ðŽðŒ] [Non-Drop] [Max 1K] [Speed 1-2K/Day] [INSTANT],7233.46,20,1 000,No Refill,6 hours 52 minutes
8318,Facebook Comments [ððŽð’ð“ / ðð‡ðŽð“ðŽ] - [ð‚ð”ð’ð“ðŽðŒ] [Max 10K] [Speed 100-300/Day] [0-2HRS],1546.8476,10,10 000,No Refill,35 hours 11 minutes
8319,Facebook Comments [ððŽð’ð“ / ðð‡ðŽð“ðŽ] - [ð‚ð”ð’ð“ðŽðŒ] [Max 10K] [Speed 1-2K/Day] [0-2HRS],6955.25,20,10 000,No Refill,22 minutes
8314,Facebook Comments [ð€ð‹ð‹ ð‹ðˆððŠð’] - [ð–ðŽð‘ð‹ðƒð–ðˆðƒð„] [Non-Drop] [Max 10K] [Speed 500/Day] [0-3HR],6955.25,20,10 000,No Refill,22 minutes
10961,Facebook Post Share - [No Refill] [Max 50K] [Speed 20-30K/Day] [Instant],550.8558,100,50 000,No Refill,4 hours 57 minutes
10962,Facebook Post Share - [No Refill] [Max 5M] [Speed 50-500K/Day] [Instant],606.4978,100,50 000 000,No Refill,2 minutes
10963,Facebook Post Share - [No Refill] [Max 100K] [Speed 5K/Day] [Non-Drop] [Instant],662.1398,100,100 000,No Refill,3 minutes
7157,Facebook Post Share - [No Refill] [Max 500K] [Speed 1-3K/Day] [0-1HR],478.5212,100,500 000,No Refill,3 hours 16 minutes