9916,LinkedIn ððšð ðž / ðð«ð¨ðŸð¢ð¥ðž ð…ð¨ð¥ð¥ð¨ð°ðžð«ð¬ | 30 Days Auto Refill | Max 1M | Quality: ðŸ‡ºðŸ‡² ð”ð’ð€ ðð‘ðŽð…ðˆð‹ð„ð’ | ð’ð®ð©ðžð« ð…ðšð¬ð­ | Speed 50K/Day | INSTANT,6955.25,10,1 000 000,30 Days Refill,2 minutes
16651,LinkedIn ð‚ð¨ð§ð§ðžðœð­ð¢ð¨ð§ð¬ | 30 Days Auto Refill | Max 1M | ð‡ð¢ð ð¡ ðð®ðšð¥ð¢ð­ð² | ð’ð®ð©ðžð« ð…ðšð¬ð­ | Speed 20K/Day | INSTANT,5564.2,10,1 000 000,30 Days Refill,49 hours 40 minutes
16652,LinkedIn ð„ð§ðð¨ð«ð¬ðžð¦ðžð§ð­ð¬ | 30 Days Auto Refill | Max 1M | ð‡ð¢ð ð¡ ðð®ðšð¥ð¢ð­ð² | ð’ð®ð©ðžð« ð…ðšð¬ð­ | Speed 20K/Day | INSTANT,69552.5,10,1 000 000,30 Days Refill,16 minutes
14845,LinkedIn ð†ð«ð¨ð®ð© ðŒðžð¦ð›ðžð«ð¬ | 30 Days Auto Refill | Max 1M | ð‡ð¢ð ð¡ ðð®ðšð¥ð¢ð­ð² | ð’ð®ð©ðžð« ð…ðšð¬ð­ | Speed 50K/Day | INSTANT,34776.25,10,1 000 000,30 Days Refill,23 minutes
14847,LinkedIn ðð¨ð¬ð­ ð‹ð¢ð¤ðžð¬ | 30 Days Auto Refill | Max 1M | ð‡ð¢ð ð¡ ðð®ðšð¥ð¢ð­ð² | ð’ð®ð©ðžð« ð…ðšð¬ð­ | Speed 20K/Day | INSTANT,5564.2,10,1 000 000,30 Days Refill,1 minute
16650,LinkedIn ð‘ðžð©ð¨ð¬ð­ð¬ | 30 Days Auto Refill | Max 1M | ð‡ð¢ð ð¡ ðð®ðšð¥ð¢ð­ð² | ð’ð®ð©ðžð« ð…ðšð¬ð­ | Speed 20K/Day | INSTANT,13910.5,10,1 000 000,30 Days Refill,1 minute
14848,LinkedIn ð’ðžð§ð | 30 Days Auto Refill | Max 1M | ð‡ð¢ð ð¡ ðð®ðšð¥ð¢ð­ð² | ð’ð®ð©ðžð« ð…ðšð¬ð­ | Speed 20K/Day | INSTANT,5564.2,10,1 000 000,30 Days Refill,1 minute
16649,LinkedIn ððžð°ð¬ð¥ðžð­ð­ðžð« ð’ð®ð›ð¬ðœð«ð¢ð›ðžð«ð¬ | 30 Days Auto Refill | Max 1M | ð‡ð¢ð ð¡ ðð®ðšð¥ð¢ð­ð² | ð’ð®ð©ðžð« ð…ðšð¬ð­ | Speed 50K/Day | INSTANT,13910.5,10,1 000 000,30 Days Refill,55 minutes
16654,LinkedIn ð‘ðžðšðœð­ð¢ð¨ð§ | â¤ï¸ ð†ð«ðžðšð­ | 30 Days Auto Refill | Max 1M | ð‡ð¢ð ð¡ ðð®ðšð¥ð¢ð­ð² | ð’ð®ð©ðžð« ð…ðšð¬ð­ | Speed 20K/Day | INSTANT,13910.5,10,1 000 000,30 Days Refill,1 minute
16653,LinkedIn ð‘ðžðœð¨ð¦ð¦ðžð§ððšð­ð¢ð¨ð§ð¬ | 30 Days Auto Refill | Max 1M | ð‡ð¢ð ð¡ ðð®ðšð¥ð¢ð­ð² | ð’ð®ð©ðžð« ð…ðšð¬ð­ | Speed 20K/Day | INSTANT,695525,5,1 000 000,30 Days Refill,55 minutes
16136,Linkedin ðð«ðžð¦ð¢ð®ð¦ Profile Followers | 30 Days Refill | ðð¨ð§-ðƒð«ð¨ð© | Speed Up To 5K/Day | 0-10 Mins,9041.825,100,25 000,30 Days Refill,6 hours 7 minutes
16137,Linkedin ðð«ðžð¦ð¢ð®ð¦ Company Followers | 30 Days Refill | ðð¨ð§-ðƒð«ð¨ð© | Speed Up To 5K/Day | 0-10 Mins,9041.825,100,25 000,30 Days Refill,1 hour 6 minutes
16144,Linkedin ðð«ðžð¦ð¢ð®ð¦ Company Followers | 60 Days Refill | ð‘ðžðšð¥ ð”ð¬ðžð«ð¬ & ð…ðšð¬ð­ðžð¬ð­ | Speed Up To 5K/Day | 0-10 Mins,10571.98,100,5 000,60 Days Refill,16 minutes
16145,Linkedin ðð«ðžð¦ð¢ð®ð¦ Profile Followers | 60 Days Refill | ð‘ðžðšð¥ ð”ð¬ðžð«ð¬ & ð…ðšð¬ð­ðžð¬ð­ | Speed Up To 5K/Day | 0-10 Mins,10571.98,100,5 000,60 Days Refill,53 minutes
16138,Linkedin ðð«ðžð¦ð¢ð®ð¦ & ðŽð«ð ðšð§ð¢ðœ Post Likes | 30 Days Refill | ðð¨ð§-ðƒð«ð¨ð© | Speed Up To 500/Day | 0-10 Mins,6259.725,10,5 000,30 Days Refill,1 minute
16142,Linkedin ðð«ðžð¦ð¢ð®ð¦ Connections | 30 Days Refill | ðð¨ð§-ðƒð«ð¨ð© | Speed Up To 500/Day | 0-10 Mins,35332.67,10,5 000,30 Days Refill,1 hour
16141,Linkedin ðð«ðžð¦ð¢ð®ð¦ Reposts | 30 Days Refill | ðð¨ð§-ðƒð«ð¨ð© | Speed Up To 500/Day | 0-10 Mins,13910.5,10,20 000,30 Days Refill,11 minutes
9044,LinkedIn ðð«ð¨ðŸð¢ð¥ðž ð…ð¨ð¥ð¥ð¨ð°ðžð«ð¬ - [30 Days Refill] [Max 5K] [ð‘ð„ð€ð‹ & ðŽð‘ð†ð€ððˆð‚] [Speed 500/Day] [0-3HRS],8596.689,1,5 000,No Refill,23 minutes
14844,LinkedIn ð‚ð¨ð¦ð©ðšð§ð² ð…ð¨ð¥ð¥ð¨ð°ðžð«ð¬ - [30 Days Refill] [Max 10K] [ð‘ð„ð€ð‹ & ð‡ð] [Speed 500-1K/Day] [0-3HRS],9080.7744,1,10 000,30 Days Refill,2 minutes
10116,LinkedIn ð‚ð¨ð¦ð©ðšð§ð² ð…ð¨ð¥ð¥ð¨ð°ðžð«ð¬ - [30 Days Refill] [Max 10K] [ð‘ð„ð€ð‹ & ðŽð‘ð†ð€ððˆð‚] [Speed 200-500/Day] [0-6HRS],6710.4252,1,10 000,No Refill,5 hours 46 minutes
14846,LinkedIn ð†ð«ð¨ð®ð© ðŒðžð¦ð›ðžð«ð¬ - [30 Days Refill] [ð‘ð„ð€ð‹ & ðŽð‘ð†ð€ððˆð‚] [Max 5K] [Speed 500-1K/Day] [0-3HRS],40696.5588,1,5 000,No Refill,22 minutes
9917,LinkedIn ð‚ð¨ð¦ð©ðšð§ð² ð…ð¨ð¥ð¥ð¨ð°ðžð«ð¬ - [30 Days Refill] [ð‘ð„ð€ð‹ & ðŽð‘ð†ð€ððˆð‚] [Max 10K] [Speed 500-1K/Day] [0-6HRS],8084.7826,1,10 000,No Refill,1 minute
9058,LinkedIn ð‚ð¨ð¦ð©ðšð§ð² ð…ð¨ð¥ð¥ð¨ð°ðžð«ð¬ - [30 Days Refill] [ð‘ð„ð€ð‹ & ðŽð‘ð†ð€ððˆð‚] [Max 10K] [Speed 200/Day] [0-6HRS],6693.7326,1,10 000,No Refill,55 minutes
10113,LinkedIn Post Likes - [30 Days Refill] [Max 5K] [ð‘ð„ð€ð‹ & ðŽð‘ð†ð€ððˆð‚] [Speed 500/Day] [0-2HRS],6760.503,10,5 000,No Refill,1 minute
9045,LinkedIn Post Likes - [30 Days Refill] [Max 10K] [ð‘ð„ð€ð‹ & ðŽð‘ð†ð€ððˆð‚] [Speed 200/Day] [0-2HRS],5564.2,20,10 000,No Refill,1 minute
10114,LinkedIn RePost - [30 Days Refill] [Max 1M] [Speed 1K/Day] [0-3HRS],13910.5,10,1 000 000,30 Days Refill,55 minutes
9046,LinkedIn Reshares - [30 Days Refill] [Max 10K] [ð‘ð„ð€ð‹ & ðŽð‘ð†ð€ððˆð‚] [Speed 200/Day] [0-6HRS],25417.2656,1,10 000,No Refill,33 minutes
9957,LinkedIn ð‘ðšð§ðð¨ð¦ ð‚ð¨ð¦ð¦ðžð§ð­ð¬ - [Lifetime Warranty] [ð‘ð„ð€ð‹ & ð‡ð ð”ð’ð„ð‘ð’] [Speed 100/Day] [0-2HRS],15407.2698,1,3 000,No Refill,55 minutes
9956,LinkedIn ð‚ð®ð¬ð­ð¨ð¦ ð‚ð¨ð¦ð¦ðžð§ð­ð¬ - [Lifetime Warranty] [ð‘ð„ð€ð‹ & ð‡ð ð”ð’ð„ð‘ð’] [Speed 200/Day] [0-24HRS],17104.3508,5,1 000,No Refill,10 minutes
9047,LinkedIn Connections - [30 Days Refill] [Max 10K] [ð‘ð„ð€ð‹ & ðŽð‘ð†ð€ððˆð‚] [Speed 100/Day] [0-1HR],5708.8692,1,10 000,No Refill,11 minutes
10115,LinkedIn Connections - [30 Days Refill] [Max 10K] [ð‘ð„ð€ð‹ & ðŽð‘ð†ð€ððˆð‚] [Speed 500/Day] [0-1HR],34776.25,10,6 500 000,No Refill,4 minutes
9102,LinkedIn Endorsements - [30 Days Refill] [Max 5k] [Speed 100/Day] [0-24HRS],72334.6,10,5 000,30 Days Refill,17 minutes