10549,Snapchat Likes - [Non-Drop] [Max 10K] [ð‘ð„ð€ð‹ & ðŽð‘ð†ð€ððˆð‚] [Speed 10K/Day] [INSTANT],4061.866,20,10 000,No Refill,17 minutes
6576,Snapchat Followers - [Europe ðŸ‡ªðŸ‡º] [30 Days Refill] [Max 5K] [Speed 500-1K/Day] [0-2 HRS],12892.2514,100,5 000,30 Days Refill,23 minutes
5298,Snapchat Followers - [USA ðŸ‡ºðŸ‡¸] [30 Days Refill] [Max 50K] [Speed 500-1K/Day] [0-2 HRS],16987.5026,100,50 000,30 Days Refill,22 minutes
5299,Snapchat Followers - [UK ðŸ‡¬ðŸ‡§] [30 Days Refill] [Max 10K] [Speed 500-1K/Day] [0-2 HRS],21783.843,100,10 000,30 Days Refill,16 minutes
5300,Snapchat Followers - [France ðŸ‡«ðŸ‡·] [30 Days Refill] [Max 10K] [Speed 500-1K/Day] [0-2 HRS],21783.843,100,10 000,30 Days Refill,55 minutes
5301,Snapchat Followers - [Germany ðŸ‡©ðŸ‡ª] [30 Days Refill] [Max 10K] [Speed 500-1K/Day] [0-2 HRS],21783.843,100,10 000,30 Days Refill,92 hours 29 minutes
6573,Snapchat Followers - [Netherlands ðŸ‡³ðŸ‡±] [30 Days Refill] [Max 10K] [Speed 500-1K/Day] [0-2 HRS],21783.843,100,10 000,30 Days Refill,23 minutes
6574,Snapchat Followers - [Sweden ðŸ‡¸ðŸ‡ª] [30 Days Refill] [Max 10K] [Speed 500-1K/Day] [0-2 HRS],21783.843,50,10 000,30 Days Refill,17 minutes
5291,Snapchat Followers - [Saudi Arabia ðŸ‡¸ðŸ‡¦] [30 Days Refill] [Max 10K] [Speed 500/Day] [0-2 HRS],6677.04,10,10 000,30 Days Refill,22 minutes
5297,Snapchat Followers - [Qatar ðŸ‡¶ðŸ‡¦] [30 Days Refill] [Max 50K] [Speed 400-800/Day] [0-1 HR],17026.452,50,50 000,30 Days Refill,16 minutes
5292,Snapchat Followers - [Bahrain ðŸ‡§ðŸ‡­] [30 Days Refill] [Max 50K] [Speed 400-800/Day] [0-1 HR],17026.452,50,50 000,30 Days Refill,55 minutes
5294,Snapchat Followers - [Oman ðŸ‡´ðŸ‡²] [30 Days Refill] [Max 50K] [Speed 400-800/Day] [0-1 HR],17026.452,50,50 000,30 Days Refill,23 minutes
5295,Snapchat Followers - [Kuwait ðŸ‡°ðŸ‡¼] [30 Days Refill] [Max 50K] [Speed 400-800/Day] [0-1 HR],17026.452,50,50 000,30 Days Refill,11 minutes
5293,Snapchat Followers - [Iraq ðŸ‡®ðŸ‡¶] [30 Days Refill] [Max 50K] [Speed 400-800/Day] [0-1 HR],17026.452,50,50 000,30 Days Refill,55 minutes
6549,Snapchat Friend Requests - [Lifetime Refill] [Max 10K] [Stable - High Quality] [Speed 100-500/Day] [0-6 HRS],9347.856,100,1 000,Lifetime Refill,17 hours 29 minutes
6577,Snapchat Story Views - [EUROPE] [No Refill] [Max 10K] [Speed 500-1K/Day] [0-1 HR],17877.7746,100,10 000,No Refill,22 minutes
5284,Snapchat Views - [OMAN] [100 Stories] [No Refill] [Fast] [Speed 80-120/Day] [0-1 HR],2075.4466,1,1,No Refill,22 minutes
5285,Snapchat Views - [SAUDI ARABIA] [100 Stories] [No Refill] [Fast] [Speed 80-120/Day] [0-1 HR],1919.649,1,1,No Refill,11 minutes
5286,Snapchat Views - [KUWAIT] [100 Views] [No Refill] [Fast] [Speed 80-120/Day] [0-1 HR],2053.1898,1,1,No Refill,33 minutes
5287,Snapchat Views - [IRAQ] [100 Stories] [No Refill] [Fast] [Speed 80-120/Day] [0-1 HR],2053.1898,1,1,No Refill,55 minutes
5289,Snapchat Views - [QATAR] [100 Stories] [No Refill] [Fast] [Speed 80-120/Day] [0-1 HR],2108.8318,1,1,No Refill,22 minutes
5290,Snapchat Views - [BAHRAIN] [100 Stories] [No Refill] [Fast] [Speed 80-120/Day] [0-1 HR],2108.8318,1,1,No Refill,17 minutes
6579,Snapchat Views - [FRANCE] [100 Stories] [No Refill] [0-6 HRS],2353.6566,1,1,No Refill,17 minutes
6580,Snapchat Views - [GERMANY] [100 Stories] [No Refill] [0-6 HRS],2353.6566,1,1,No Refill,16 minutes
6581,Snapchat Views - [NETHERLANDS] [100 Stories] [No Refill] [0-6 HRS],2425.9912,1,1,No Refill,55 minutes
6582,Snapchat Views - [SWEDEN] [100 Stories] [No Refill] [0-6 HRS],2425.9912,1,1,No Refill,11 minutes
6583,Snapchat Views - [UK] [100 Stories] [No Refill] [0-6 HRS],2425.9912,1,1,No Refill,16 minutes
6584,Snapchat Views - [EUROPE] [100 Stories] [No Refill] [0-6 HRS],2425.9912,1,1,No Refill,55 minutes
5302,Snapchat Engagements - [SAUDI ARABIA] [7 Days Package] [No Refill] [Speed 150-450/Day] [0-1 HR],33346.2506,1,1,No Refill,17 minutes
5303,Snapchat Engagements - [KUWAIT] [7 Days Package] [No Refill] [Speed 150-450/Day] [0-1 HR],34765.1216,1,1,No Refill,22 minutes
5304,Snapchat Engagements - [QATAR] [7 Days Package] [No Refill] [Speed 150-450/Day] [0-1 HR],34765.1216,1,1,No Refill,55 minutes
5305,Snapchat Engagements - [ARAB] [7 Days Package] [No Refill] [Speed 150-450/Day] [0-1 HR],34765.1216,1,1,No Refill,22 minutes
6586,Snapchat Spotlight Likes & Views - [USA & EUROPE] [No Refill] [Max 80K] [Speed 1-3K/Day] [0-6 HRS],31927.3796,50,80 000,No Refill,55 minutes