17535,Telegram Channel / Group Members - [ 365 Days Refill ] | Max 200K | Non-Drop | Speed Up To 20K/Day | INSTANT,333.852,20,200 000,365 Days Refill,39 minutes
8565,Telegram Channel / Group Members - [ 90 Days Refill] | High Quality | Max 500K | ðð¨ð§-ðƒð«ð¨ð© | Speed 30K/Day | Always Instant,400.6224,500,500 000,90 Days Refill,1 hour 49 minutes
15967,Telegram Channel / Group Members - [ 365 Days Refill ] | ððŽð-ðƒð‘ðŽð | ð”ð§ð¥ð¢ð¦ð¢ð­ðžð ðƒðšð­ðšð›ðšð¬ðž | Mixed GEO | Speed Up To 100K/Day | INSTANT,929.2214,500,500 000,365 Days Refill,4 hours 5 minutes
15966,Telegram Channel / Group Members - USA ðŸ‡ºðŸ‡¸ [ 180 Days Refill ] | ððŽð-ðƒð‘ðŽð | ð”ð§ð¥ð¢ð¦ð¢ð­ðžð ðƒðšð­ðšð›ðšð¬ðž | Speed 100K/Day | INSTANT,662.1398,500,500 000,180 Days Refill,2 hours 17 minutes
17512,Telegram Channel Members - [ 365 Days Refill ] ððˆð† ð‚ð€ðð€ð‚ðˆð“ð˜ | Max 10M | ð‡ð¢ð ð¡ ðð®ðšð¥ð¢ð­ð² | ððŽð-ðƒð‘ðŽð | Speed Up To 150K/Day | INSTANT,289.3384,1,10 000 000,365 Days Refill,1 hour 3 minutes
17546,Telegram Channel ðŒðžð¦ð›ðžð«ð¬ ð…ð«ð¨ð¦ ð’ðžðšð«ðœð¡ - [ 365 Days Refill ] ððˆð† ð‚ð€ðð€ð‚ðˆð“ð˜ | Max 500K | ð‡ð¢ð ð¡ ðð®ðšð¥ð¢ð­ð² | ððŽð-ðƒð‘ðŽð | Speed Up To 60K/Day | INSTANT,389.494,1,500 000,365 Days Refill,2 hours 42 minutes
17543,Telegram Channel Members - ððˆð† ð‚ð€ðð€ð‚ðˆð“ð˜ [ 180 Days Refill ] | Max 1M | ð†ðžð¨ ðŒð¢ð±ðžð | Non-Drop | Speed Up To 100K/Day | INSTANT,233.6964,1,1 000 000,180 Days Refill,5 minutes
17547,Telegram Channel Members { ðŒð¢ð§ð¢ð¦ð®ð¦ ðŸðŸŽðŸŽðŠ } ððˆð† ð‚ð€ðð€ð‚ðˆð“ð˜ - [ 365 Days Refill ] | Max 10M | ð‡ð¢ð ð¡ ðð®ðšð¥ð¢ð­ð² | ððŽð-ðƒð‘ðŽð | Speed Up To 150K/Day | INSTANT,244.8248,100 000,100 000 000,365 Days Refill,16 minutes
8403,Telegram Channel Members - [180 Days Refill | Max 100K | ðð¨ð§-ðƒð«ð¨ð© | Speed 50K/Day |INSTANT,306.031,10,1 000 000,180 Days Refill,7 minutes
12870,Telegram Channel / Group Members - [ 120 Days Refill ] | ððŽð-ðƒð‘ðŽð | ð”ð§ð¥ð¢ð¦ð¢ð­ðžð ðƒðšð­ðšð›ðšð¬ðž | Speed 50K/Day | INSTANT,600.9336,500,300 000,120 Days Refill,54 minutes
17545,Telegram Channel / Group Members - [ 365 Days Refill ] | Max 10M | Non-Drop | Speed Up To 50K/Day | INSTANT,484.0854,10,10 000 000,365 Days Refill,11 minutes
17542,Telegram Channel Members - [ 90 Days Refill ] ððˆð† ð‚ð€ðð€ð‚ðˆð“ð˜ | Max 1M | ð†ðžð¨ ðŒð¢ð±ðžð | Non-Drop | Speed Up To 100K/Day | INSTANT,189.1828,1,1 000 000,90 Days Refill,11 minutes
17514,Telegram Channel / Group Members - [ 90 Days Refill ] | Max 300K | Super Fast | ððŽð-ðƒð‘ðŽð | ð”ð§ð¥ð¢ð¦ð¢ð­ðžð ðƒðšð­ðšð›ðšð¬ðž | Speed 50K/Day ðŸš€ | INSTANT,178.0544,500,400 000,90 Days Refill,33 minutes
17516,Telegram Channel / Group Members - [ 90 Days Refill ] | Max 100K | Super Fast | ððŽð-ðƒð‘ðŽð | ð”ð§ð¥ð¢ð¦ð¢ð­ðžð ðƒðšð­ðšð›ðšð¬ðž | Speed 70K/Day ðŸš€ | INSTANT,166.926,500,100 000,90 Days Refill,2 hours 36 minutes
12871,Telegram Channel / Group Members - [ English Profiles ] [ 90 Days Refill ] | ððŽð-ðƒð‘ðŽð | ð”ð§ð¥ð¢ð¦ð¢ð­ðžð ðƒðšð­ðšð›ðšð¬ðž | Speed 50K/Day | INSTANT,261.5174,500,100 000,90 Days Refill,3 hours 3 minutes
12873,Telegram Channel / Group Members - [ 90 Days Refill ] | ððŽð-ðƒð‘ðŽð | ð”ð§ð¥ð¢ð¦ð¢ð­ðžð ðƒðšð­ðšð›ðšð¬ðž | Speed 50K/Day | INSTANT â›”,395.0582,500,100 000,60 Days Refill,6 hours
11969,Telegram Channel / Group Members - [ 90 Days Refill ] ððˆð† ð‚ð€ðð€ð‚ðˆð“ð˜ | Max 1M | ð‡ð¢ð ð¡ ðð®ðšð¥ð¢ð­ð² | Speed 25K/Day | 0-5Mins,217.0038,500,1 000 000,90 Days Refill,36 minutes
17517,Telegram Channel / Group Members - [ 90 Days Refill ] ððˆð† ð‚ð€ðð€ð‚ðˆð“ð˜ | Max 150K | Super Fast | ððŽð-ðƒð‘ðŽð | ð”ð§ð¥ð¢ð¦ð¢ð­ðžð ðƒðšð­ðšð›ðšð¬ðž | Speed 50K/Day ðŸš€ | INSTANT,127.9766,500,100 000,90 Days Refill,1 hour 55 minutes
12889,Telegram Channel / Group Members - [ 90 Days Refill ] | ððŽð-ðƒð‘ðŽð | ð”ð§ð¥ð¢ð¦ð¢ð­ðžð ðƒðšð­ðšð›ðšð¬ðž | Speed 50K/Day | INSTANT,356.1088,500,100 000,90 Days Refill,14 minutes
12868,Telegram Channel / Group Members - [ 90 Days Refill ] | ððŽð-ðƒð‘ðŽð | ð”ð§ð¥ð¢ð¦ð¢ð­ðžð ðƒðšð­ðšð›ðšð¬ðž | Speed 50-100K/Day | INSTANT,395.0582,500,100 000,90 Days Refill,24 minutes
17513,Telegram Channel / Group Members - [ 90 Days Refill ] | Max 50K | Super Fast | ððŽð-ðƒð‘ðŽð | ð”ð§ð¥ð¢ð¦ð¢ð­ðžð ðƒðšð­ðšð›ðšð¬ðž | Speed 40K/Day ðŸš€ | INSTANT,139.105,1 000,50 000,90 Days Refill,1 hour 33 minutes
17534,Telegram Channel / Group Members - [ 90 Days Refill ] | ððŽð-ðƒð‘ðŽð | ð”ð§ð¥ð¢ð¦ð¢ð­ðžð ðƒðšð­ðšð›ðšð¬ðž | Speed 50-100K/Day | INSTANT,395.0582,500,100 000,90 Days Refill,55 minutes
11346,Telegram Channel / Group Members - [ 90 Days Refill ] | ð‡ð¢ð ð¡ ðƒð«ð¨ð© | Max 100K | Speed 10-20K/Day | INSTANT,27.821,5,100 000,90 Days Refill,3 minutes
17515,Telegram Channel / Group Members - [ 90 Days Refill ] | Max 100K | Super Fast | ððŽð-ðƒð‘ðŽð | ð”ð§ð¥ð¢ð¦ð¢ð­ðžð ðƒðšð­ðšð›ðšð¬ðž | Speed 50K/Day ðŸš€ | INSTANT,127.9766,500,100 000,90 Days Refill,1 hour 44 minutes
8563,Telegram Channel / Group Members - [ 90 Days Refill ] | Unlimited | Speed 50K/Day | 0-5Mins,456.2644,500,100 000,90 Days Refill,44 minutes
12872,Telegram Channel / Group Members - [ 90 Days Refill ] | ððŽð-ðƒð‘ðŽð | ð”ð§ð¥ð¢ð¦ð¢ð­ðžð ðƒðšð­ðšð›ðšð¬ðž | Speed 50K/Day | INSTANT,461.8286,500,200 000,90 Days Refill,23 minutes
17541,Telegram Channel Members - [ 60 Days Refill ] ððˆð† ð‚ð€ðð€ð‚ðˆð“ð˜ | Max 1M | ð†ðžð¨ ðŒð¢ð±ðžð | Non-Drop | Speed Up To 100K/Day | INSTANT,155.7976,1,1 000 000,60 Days Refill,15 minutes
12908,Telegram Channel Members - [ 60 Days Refill ] ððˆð† ð‚ð€ðð€ð‚ðˆð“ð˜ | Max 5M | Speed 20-50K/Day | INSTANT,278.21,100,5 000 000,60 Days Refill,4 minutes
15969,Telegram Channel / Group Members - [ 60 Days Refill ] | ððŽð-ðƒð‘ðŽð | Mixed Asian / Europe Profiles | Speed 150K/Day | INSTANT,478.5212,500,200 000,60 Days Refill,16 minutes
8571,ðŸ‡ºðŸ‡¸ Telegram Channel / Group Members - USA ðŸ‡ºðŸ‡¸ | 60 Days Refill | Max 2K | Speed 2K/Day | NSTANT,595.3694,10,2 000,60 Days Refill,3 hours 3 minutes
12869,Telegram Channel / Group Members - [ 60 Days Refill ] ððŽð-ðƒð‘ðŽð | ð”ð§ð¥ð¢ð¦ð¢ð­ðžð ðƒðšð­ðšð›ðšð¬ðž | Speed 100K/Day | INSTANT ðŸš€âš¡,422.8792,500,200 000,60 Days Refill,4 hours 55 minutes
11345,Telegram Channel / Group Members - [ 60 Days Refill ] | Max 100K | ðŒð¢ð±ðžð ðð®ðšð¥ð¢ð­ð² | Speed 50K/Day | INSTANT,411.7508,500,200 000,60 Days Refill,33 minutes
13314,Telegram Channel / Group Members - [ 60 Days Refill ] | ððŽð-ðƒð‘ðŽð | ð”ð§ð¥ð¢ð¦ð¢ð­ðžð ðƒðšð­ðšð›ðšð¬ðž | ð‘ðžðŸð¢ð¥ð¥ ðð®ð­ð­ð¨ð§ | Speed 30-50K/Day | INSTANT,395.0582,500,100 000,60 Days Refill,28 minutes
10440,Telegram Channel Members - [ 60 Days Refill ] | Unlimited | Refill Button | Speed 50K/Day | Always Instant,194.747,100,500 000,60 Days Refill,55 minutes
17536,Telegram Channel / Group Members - [ 60 Days Refill ] | Max 50K | Non-Drop | Speed Up To 15K/Day | INSTANT,400.6224,1,50 000,60 Days Refill,22 minutes
11347,Telegram Channel / Group Members - [ 60 Days Refill ] | ð‡ð¢ð ð¡ ðƒð«ð¨ð© | Max 300K | Speed 20-30K/Day | NSTANT,27.821,1,100 000,60 Days Refill,13 minutes
17540,Telegram Channel / Group Members - [ 30 Days Refill ] | Max 300K | ð‡ð¢ð ð¡ ðð®ðšð¥ð¢ð­ð² | Non-Drop | Speed Up To 20K/Day | INSTANT,217.0038,10,300 000,30 Days Refill,15 minutes
11970,Telegram Channel / Group Members - [ 30 Days Refill ] | Max 5M | ðð¢ð ðƒðšð­ðšð›ðšð¬ðž | Auto-Refill | Speed 100K/Day | INSTANT,267.0816,500,5 000 000,30 Days Refill,39 minutes
15968,Telegram Channel / Group Members - [ Mixed GEO ] 30 Days Refill | ððŽð-ðƒð‘ðŽð | ð”ð§ð¥ð¢ð¦ð¢ð­ðžð ðƒðšð­ðšð›ðšð¬ðž | Speed 150K/Day | INSTANT,267.0816,500,300 000,30 Days Refill,11 minutes
13312,Telegram Channel / Group Members - [30 Days Refill] [Non-Drop] [Max 200K] [Speed 10-20K/Day] [INSTANT],339.4162,500,200 000,30 Days Refill,23 minutes
8564,Telegram Channel / Group Members - [ 30 Days Refill ] | Unlimited Database | ðð¨ð§-ðƒð«ð¨ð© | Speed 20-40K/Day | Always Instant,422.8792,25,100 000,30 Days Refill,14 minutes
17548,Telegram Channel Members - [ 30 Days Refill ] ððˆð† ð‚ð€ðð€ð‚ðˆð“ð˜ | Max 1M | ð†ðžð¨ ðŒð¢ð±ðžð | Non-Drop | Speed Up To 100K/Day | INSTANT,111.284,1,1 000 000,30 Days Refill,1 hour 3 minutes
10034,Telegram Channel Members - [ 30 Days Refill ] | Max 400K | Speed 30K/Day | INSTANT,139.105,1,400 000,30 Days Refill,33 minutes
11343,Telegram Channel / Group Members - [ 30 Days Refill ] | Max 50K | Speed 50K/Day | Non-Drop | Always Instant,445.136,500,500 000,30 Days Refill,2 hours 37 minutes
13127,Telegram Channel / Group Members - [30 Days Refill] [ð”ð§ð¥ð¢ð¦ð¢ð­ðžð ðƒðšð­ðšð›ðšð¬ðž] [Speed 50K/Day] [INSTANT],333.852,500,100 000,30 Days Refill,55 minutes
11971,Telegram Channel / Group Members - [ 30 Days Refill ] | ð„ð§ð ð¥ð¢ð¬ð¡ ðð«ð¨ðŸð¢ð¥ðžð¬ | Max 250K | ðð¨ð§-ðƒð«ð¨ð© | Speed 50-80K/Day | INSTANT,333.852,500,250 000,30 Days Refill,4 minutes
8404,Telegram Channel / Group Members - [ 30 Days Refill ] | ðð®ð›ð¥ð¢ðœ / ðð«ð¢ð¯ðšð­ðž | Max 100K | Speed 50K/Day | INSTANT,311.5952,500,100 000,30 Days Refill,2 hours 18 minutes
8568,Telegram Channel / Group Members - [ 30 Days Refill ] | ð„ð§ð ð¥ð¢ð¬ð¡ ðð«ð¨ðŸð¢ð¥ðžð¬ | Max 100K | ðð¨ð§-ðƒð«ð¨ð© | Speed 50-80K/Day | INSTANT],311.5952,500,100 000,30 Days Refill,23 minutes
8944,Telegram Channel / Group Members - [ 30 Days Refil ] | Max 100K | Low Drop | Speed 15K/Day | INSTANT,250.389,1,100 000,No Refill,16 minutes
12867,Telegram Channel / Group Members - 30 Days Refill | ððŽð-ðƒð‘ðŽð | ð”ð§ð¥ð¢ð¦ð¢ð­ðžð ðƒðšð­ðšð›ðšð¬ðž | Speed 30-50K/Day | INSTANT,395.0582,500,100 000,30 Days Refill,5 hours 11 minutes
13313,Telegram Channel / Group Members - [30 Days Refill] [ððŽð-ðƒð‘ðŽð] [ð”ð§ð¥ð¢ð¦ð¢ð­ðžð ðƒðšð­ðšð›ðšð¬ðž] [Speed 100K/Day] [INSTANT],395.0582,500,100 000,30 Days Refill,54 minutes
8405,Telegram Channel / Group Members - [ 30 Days Refill ] | Max 5M | ððˆð† ð‚ð€ðð€ð‚ðˆð“ð˜ | Non-Drop | Speed 30-100K/Day | INSTANT,528.599,10,5 000 000,No Refill,11 minutes
8567,Telegram Channel / Group Members - [ 30 Days Refill ] ð‘ð„ð€ð‹ | Unlimited | Speed 100K/Day | Always Instant,478.5212,20,100 000,30 Days Refill,1 hour 16 minutes
10439,Telegram Channel / Group Members - [ 30 Days Refill ] ððˆð† ð‚ð€ðð€ð‚ðˆð“ð˜ | ð‡ð¢ð ð¡ ðð®ðšð¥ð¢ð­ð² | Speed 10K/Day | 0-5Mins,422.8792,10,1 000 000,30 Days Refill,24 minutes
8566,Telegram Channel / Group Members - [ 30 Days Refill ] | ð‡ð¢ð ð¡ ðƒð«ð¨ð© | Max 100K | Speed 20K/Day | INSTANT,27.821,1,100 000,30 Days Refill,17 minutes
17532,Telegram Channel / Group Members - [ 30 Days Refill ] | Non-Drop | Max 100K | Speed 40K/Day | INSTANT,383.9298,10,100 000,30 Days Refill,18 minutes
6792,Telegram Channel / Group Members - | 30 Days Auto-Refill | Max 500K | ð†ð¨ð¨ð ðð®ðšð¥ð¢ð­ð² | Speed 50-100K/Day | INSTANT],556.42,10,500 000,30 Days Refill,33 minutes
10438,Telegram Members - [ 30 Days Refill ] ððˆð† ð‚ð€ðð€ð‚ðˆð“ð˜ | Non-Drop | Speed 100K/Day | 0-5 Mins,539.7274,10,500 000,30 Days Refill,2 minutes
11344,Telegram Channel / Group Members - [ 30 Days Refill ] | ð‘ð„ð€ð‹] | Max 500K | Speed 20K/Day | Always Instant,500.778,100,500 000,30 Days Refill,16 minutes
5213,Telegram Channel / Group Members - [ 30 Days Refill ] ð‘ð„ð€ð‹ | Max 400K | ðð¨ð§-ðƒð«ð¨ð© | Speed 10-20K/Day | INSTANT,461.8286,10,400 000,30 Days Refill,4 minutes
17538,Telegram Channel Members - [ 3 Days Refill ] ððˆð† ð‚ð€ðð€ð‚ðˆð“ð˜ | Max 1M | ð†ðžð¨ ðŒð¢ð±ðžð | Speed Up To 100K/Day | INSTANT,66.7704,10,1 000 000,No Refill,69 hours 32 minutes
17539,Telegram Channel Members - [ 7 Days Refill ] | Max 1M | ð†ðžð¨ ðŒð¢ð±ðžð | Speed Up To 100K/Day | INSTANT,77.8988,1,1 000 000,7 Days Refill,1 hour 19 minutes
9122,Telegram Channel / Group Members - [ðð‘ðˆð•ð€ð“ð„ ð‚ð‡ð€ððð„ð‹] [Max 20K] [ð‘ð„ð€ð‹ & ðŽð‘ð†ð€ððˆð‚ ð”ð’ð„ð‘ð’] [Speed 5-10K/Day] [0-30Mins],333.852,500,20 000,No Refill,22 minutes
17533,Telegram Channel / Group Members - [ 14 Days Refill ] | Max 100K | Non-Drop | Speed 35K/Day | INSTANT,200.3112,10,100 000,No Refill,17 minutes
5861,Telegram Channel / Group Members - [ 3 Days Refill ] | Max 100K | ð‡ð¢ð ð¡ ðƒð«ð¨ð© | Speed 30K/Day | INSTANT,16.6926,1,100 000,No Refill,31 minutes
5209,Telegram Channel / Group Members - [ 7 Days Refill ] | Max 100K | ð‡ð¢ð ð¡ ðƒð«ð¨ð© | Speed 50K/Day | INSTANT,22.2568,1,100 000,7 Days Refill,45 minutes
17518,Telegram Channel / Group Members - [ 7 Days Refill ] | Max 50K | ðŒðžðð¢ð®ð¦ ðƒð«ð¨ð© | Speed 20K/Day | INSTANT,94.5914,10,50 000,7 Days Refill,45 hours 36 minutes
16033,Telegram Members [ 30 Days Refill ] | ðŽðð‹ðˆðð„ ðŒð„ðŒðð„ð‘ð’ ðŸŸ¢ | Max 100K | ðð¨ ð‘ðžð¬ð­ð«ð¢ðœð­ð¢ð¨ð§ð¬ | Non-Drop | 50K/Day | INSTANT,790.1164,10,100 000,30 Days Refill,5 minutes
17549,Telegram Members [ 60 Days Refill ] | ðŽðð‹ðˆðð„ ðŒð„ðŒðð„ð‘ð’ ðŸŸ¢ | Max 100K | ðð¨ ð‘ðžð¬ð­ð«ð¢ðœð­ð¢ð¨ð§ð¬ | Non-Drop | 50K/Day | INSTANT,1196.303,10,100 000,60 Days Refill,11 minutes
17550,Telegram Members [ 90 Days Refill ] | ðŽðð‹ðˆðð„ ðŒð„ðŒðð„ð‘ð’ ðŸŸ¢ | Max 100K | ðð¨ ð‘ðžð¬ð­ð«ð¢ðœð­ð¢ð¨ð§ð¬ | Non-Drop | 50K/Day | INSTANT,1585.797,10,100 000,90 Days Refill,33 minutes
17551,Telegram Members [ 180 Days Refill ] | ðŽðð‹ðˆðð„ ðŒð„ðŒðð„ð‘ð’ ðŸŸ¢ | Max 100K | ðð¨ ð‘ðžð¬ð­ð«ð¢ðœð­ð¢ð¨ð§ð¬ | Non-Drop | 50K/Day | INSTANT,2364.785,10,100 000,180 Days Refill,22 minutes
17552,Telegram Members - [ 30 Days Refill ] | ðŸ’Ž ðŸðŸŽ% ðð«ðžð¦ð¢ð®ð¦ ð€ðœðœð¨ð®ð§ð­ð¬ + ðŸ–ðŸŽ% ð‘ðžð ð®ð¥ðšð« ðŒðžð¦ð›ðžð« ð€ðœðœð¨ð®ð§ð­ð¬ | Speed 50K/Day | INSTANT,1040.5054,10,100 000,30 Days Refill,2 minutes
17553,Telegram Members - [ 30 Days Refill ] | ðŸ’Ž ðŸ‘ðŸŽ% ðð«ðžð¦ð¢ð®ð¦ ð€ðœðœð¨ð®ð§ð­ð¬ + ðŸ•ðŸŽ% ð‘ðžð ð®ð¥ðšð« ðŒðžð¦ð›ðžð« ð€ðœðœð¨ð®ð§ð­ð¬ | Speed 50K/Day | INSTANT,1357.6648,10,100 000,30 Days Refill,11 minutes
17554,Telegram Members - [ 30 Days Refill ] | ðŸ’Ž ðŸ’ðŸŽ% ðð«ðžð¦ð¢ð®ð¦ ð€ðœðœð¨ð®ð§ð­ð¬ + ðŸ”ðŸŽ% ð‘ðžð ð®ð¥ðšð« ðŒðžð¦ð›ðžð« ð€ðœðœð¨ð®ð§ð­ð¬ | Speed 50K/Day | INSTANT,1674.8242,10,100 000,30 Days Refill,23 minutes
17555,Telegram Members - [ 30 Days Refill ] | ðŸ’Ž ðŸ“ðŸŽ% ðð«ðžð¦ð¢ð®ð¦ ð€ðœðœð¨ð®ð§ð­ð¬ + ðŸ“ðŸŽ% ð‘ðžð ð®ð¥ðšð« ðŒðžð¦ð›ðžð« ð€ðœðœð¨ð®ð§ð­ð¬ | Speed 50K/Day | INSTANT,1991.9836,10,100 000,30 Days Refill,55 minutes
17556,Telegram Members - [ 30 Days Refill ] | ðŸ’Ž ðŸ”ðŸŽ% ðð«ðžð¦ð¢ð®ð¦ ð€ðœðœð¨ð®ð§ð­ð¬ + ðŸ’ðŸŽ% ð‘ðžð ð®ð¥ðšð« ðŒðžð¦ð›ðžð« ð€ðœðœð¨ð®ð§ð­ð¬ | Speed 50K/Day | INSTANT,2309.143,10,100 000,30 Days Refill,17 minutes
17557,Telegram Members - [ 30 Days Refill ] | ðŸ’Ž ðŸ•ðŸŽ% ðð«ðžð¦ð¢ð®ð¦ ð€ðœðœð¨ð®ð§ð­ð¬ + ðŸ‘ðŸŽ% ð‘ðžð ð®ð¥ðšð« ðŒðžð¦ð›ðžð« ð€ðœðœð¨ð®ð§ð­ð¬ | Speed 50K/Day | INSTANT,2626.3024,10,100 000,30 Days Refill,11 minutes
17558,Telegram Members - [ 30 Days Refill ] | ðŸ’Ž ðŸ–ðŸŽ% ðð«ðžð¦ð¢ð®ð¦ ð€ðœðœð¨ð®ð§ð­ð¬ + ðŸðŸŽ% ð‘ðžð ð®ð¥ðšð« ðŒðžð¦ð›ðžð« ð€ðœðœð¨ð®ð§ð­ð¬ | Speed 50K/Day | INSTANT,2943.4618,10,100 000,30 Days Refill,33 minutes
17559,Telegram Members - [ 60 Days Refill ] | ðŸ’Ž ðŸðŸŽ% ðð«ðžð¦ð¢ð®ð¦ ð€ðœðœð¨ð®ð§ð­ð¬ + ðŸ–ðŸŽ% ð‘ðžð ð®ð¥ðšð« ðŒðžð¦ð›ðžð« ð€ðœðœð¨ð®ð§ð­ð¬ | Speed 50K/Day | INSTANT,1774.9798,10,100 000,60 Days Refill,11 minutes
17560,Telegram Members - [ 60 Days Refill ] | ðŸ’Ž ðŸ‘ðŸŽ% ðð«ðžð¦ð¢ð®ð¦ ð€ðœðœð¨ð®ð§ð­ð¬ + ðŸ•ðŸŽ% ð‘ðžð ð®ð¥ðšð« ðŒðžð¦ð›ðžð« ð€ðœðœð¨ð®ð§ð­ð¬ | Speed 50K/Day | INSTANT,2409.2986,10,100 000,60 Days Refill,17 minutes
17561,Telegram Members - [ 60 Days Refill ] | ðŸ’Ž ðŸ’ðŸŽ% ðð«ðžð¦ð¢ð®ð¦ ð€ðœðœð¨ð®ð§ð­ð¬ + ðŸ”ðŸŽ% ð‘ðžð ð®ð¥ðšð« ðŒðžð¦ð›ðžð« ð€ðœðœð¨ð®ð§ð­ð¬ | Speed 50K/Day | INSTANT,3043.6174,10,100 000,60 Days Refill,17 minutes
17562,Telegram Members - [ 60 Days Refill ] | ðŸ’Ž ðŸ“ðŸŽ% ðð«ðžð¦ð¢ð®ð¦ ð€ðœðœð¨ð®ð§ð­ð¬ + ðŸ“ðŸŽ% ð‘ðžð ð®ð¥ðšð« ðŒðžð¦ð›ðžð« ð€ðœðœð¨ð®ð§ð­ð¬ | Speed 50K/Day | INSTANT,3677.9362,10,100 000,60 Days Refill,22 minutes
17563,Telegram Members - [ 60 Days Refill ] | ðŸ’Ž ðŸ”ðŸŽ% ðð«ðžð¦ð¢ð®ð¦ ð€ðœðœð¨ð®ð§ð­ð¬ + ðŸ’ðŸŽ% ð‘ðžð ð®ð¥ðšð« ðŒðžð¦ð›ðžð« ð€ðœðœð¨ð®ð§ð­ð¬ | Speed 50K/Day | INSTANT,4312.255,10,100 000,60 Days Refill,33 minutes
17564,Telegram Members - [ 60 Days Refill ] | ðŸ’Ž ðŸ•ðŸŽ% ðð«ðžð¦ð¢ð®ð¦ ð€ðœðœð¨ð®ð§ð­ð¬ + ðŸ‘ðŸŽ% ð‘ðžð ð®ð¥ðšð« ðŒðžð¦ð›ðžð« ð€ðœðœð¨ð®ð§ð­ð¬ | Speed 50K/Day | INSTANT,4946.5738,10,100 000,60 Days Refill,22 minutes
17565,Telegram Members - [ 60 Days Refill ] | ðŸ’Ž ðŸ–ðŸŽ% ðð«ðžð¦ð¢ð®ð¦ ð€ðœðœð¨ð®ð§ð­ð¬ + ðŸðŸŽ% ð‘ðžð ð®ð¥ðšð« ðŒðžð¦ð›ðžð« ð€ðœðœð¨ð®ð§ð­ð¬ | Speed 50K/Day | INSTANT,5580.8926,10,100 000,60 Days Refill,11 minutes
17566,Telegram Members - [ 90 Days Refill ] | ðŸ’Ž ðŸðŸŽ% ðð«ðžð¦ð¢ð®ð¦ ð€ðœðœð¨ð®ð§ð­ð¬ + ðŸ–ðŸŽ% ð‘ðžð ð®ð¥ðšð« ðŒðžð¦ð›ðžð« ð€ðœðœð¨ð®ð§ð­ð¬ | Speed 50K/Day | INSTANT,2515.0184,10,100 000,90 Days Refill,22 minutes
17567,Telegram Members - [ 90 Days Refill ] | ðŸ’Ž ðŸ‘ðŸŽ% ðð«ðžð¦ð¢ð®ð¦ ð€ðœðœð¨ð®ð§ð­ð¬ + ðŸ•ðŸŽ% ð‘ðžð ð®ð¥ðšð« ðŒðžð¦ð›ðžð« ð€ðœðœð¨ð®ð§ð­ð¬ | Speed 50K/Day | INSTANT,3466.4966,10,100 000,90 Days Refill,16 minutes
17568,Telegram Members - [ 90 Days Refill ] | ðŸ’Ž ðŸ’ðŸŽ% ðð«ðžð¦ð¢ð®ð¦ ð€ðœðœð¨ð®ð§ð­ð¬ + ðŸ”ðŸŽ% ð‘ðžð ð®ð¥ðšð« ðŒðžð¦ð›ðžð« ð€ðœðœð¨ð®ð§ð­ð¬ | Speed 50K/Day | INSTANT,4417.9748,10,100 000,90 Days Refill,33 minutes
17569,Telegram Members - [ 90 Days Refill ] | ðŸ’Ž ðŸ“ðŸŽ% ðð«ðžð¦ð¢ð®ð¦ ð€ðœðœð¨ð®ð§ð­ð¬ + ðŸ“ðŸŽ% ð‘ðžð ð®ð¥ðšð« ðŒðžð¦ð›ðžð« ð€ðœðœð¨ð®ð§ð­ð¬ | Speed 50K/Day | INSTANT,5369.453,10,100 000,90 Days Refill,55 minutes
17570,Telegram Members - [ 90 Days Refill ] | ðŸ’Ž ðŸ”ðŸŽ% ðð«ðžð¦ð¢ð®ð¦ ð€ðœðœð¨ð®ð§ð­ð¬ + ðŸ’ðŸŽ% ð‘ðžð ð®ð¥ðšð« ðŒðžð¦ð›ðžð« ð€ðœðœð¨ð®ð§ð­ð¬ | Speed 50K/Day | INSTANT,6320.9312,10,100 000,90 Days Refill,16 minutes
17571,Telegram Members - [ 90 Days Refill ] | ðŸ’Ž ðŸ•ðŸŽ% ðð«ðžð¦ð¢ð®ð¦ ð€ðœðœð¨ð®ð§ð­ð¬ + ðŸ‘ðŸŽ% ð‘ðžð ð®ð¥ðšð« ðŒðžð¦ð›ðžð« ð€ðœðœð¨ð®ð§ð­ð¬ | Speed 50K/Day | INSTANT,7272.4094,10,100 000,90 Days Refill,17 minutes
17572,Telegram Members - [ 90 Days Refill ] | ðŸ’Ž ðŸ–ðŸŽ% ðð«ðžð¦ð¢ð®ð¦ ð€ðœðœð¨ð®ð§ð­ð¬ + ðŸðŸŽ% ð‘ðžð ð®ð¥ðšð« ðŒðžð¦ð›ðžð« ð€ðœðœð¨ð®ð§ð­ð¬ | Speed 50K/Day | INSTANT,8223.8876,10,100 000,90 Days Refill,55 minutes
17573,Telegram Members - [ 180 Days Refill ] | ðŸ’Ž ðŸðŸŽ% ðð«ðžð¦ð¢ð®ð¦ ð€ðœðœð¨ð®ð§ð­ð¬ + ðŸ–ðŸŽ% ð‘ðžð ð®ð¥ðšð« ðŒðžð¦ð›ðžð« ð€ðœðœð¨ð®ð§ð­ð¬ | Speed 50K/Day | INSTANT,4117.508,10,100 000,180 Days Refill,22 minutes
17574,Telegram Members - [ 180 Days Refill ] | ðŸ’Ž ðŸ‘ðŸŽ% ðð«ðžð¦ð¢ð®ð¦ ð€ðœðœð¨ð®ð§ð­ð¬ + ðŸ•ðŸŽ% ð‘ðžð ð®ð¥ðšð« ðŒðžð¦ð›ðžð« ð€ðœðœð¨ð®ð§ð­ð¬ | Speed 50K/Day | INSTANT,5703.305,10,100 000,180 Days Refill,55 minutes
17575,Telegram Members - [ 180 Days Refill ] | ðŸ’Ž ðŸ’ðŸŽ% ðð«ðžð¦ð¢ð®ð¦ ð€ðœðœð¨ð®ð§ð­ð¬ + ðŸ”ðŸŽ% ð‘ðžð ð®ð¥ðšð« ðŒðžð¦ð›ðžð« ð€ðœðœð¨ð®ð§ð­ð¬ | Speed 50K/Day | INSTANT,7289.102,10,100 000,180 Days Refill,22 minutes
17576,Telegram Members - [ 180 Days Refill ] | ðŸ’Ž ðŸ“ðŸŽ% ðð«ðžð¦ð¢ð®ð¦ ð€ðœðœð¨ð®ð§ð­ð¬ + ðŸ“ðŸŽ% ð‘ðžð ð®ð¥ðšð« ðŒðžð¦ð›ðžð« ð€ðœðœð¨ð®ð§ð­ð¬ | Speed 50K/Day | INSTANT,8874.899,10,100 000,180 Days Refill,17 minutes
17577,Telegram Members - [ 180 Days Refill ] | ðŸ’Ž ðŸ”ðŸŽ% ðð«ðžð¦ð¢ð®ð¦ ð€ðœðœð¨ð®ð§ð­ð¬ + ðŸ’ðŸŽ% ð‘ðžð ð®ð¥ðšð« ðŒðžð¦ð›ðžð« ð€ðœðœð¨ð®ð§ð­ð¬ | Speed 50K/Day | INSTANT,10460.696,10,100 000,180 Days Refill,17 minutes
17578,Telegram Members - [ 180 Days Refill ] | ðŸ’Ž ðŸ•ðŸŽ% ðð«ðžð¦ð¢ð®ð¦ ð€ðœðœð¨ð®ð§ð­ð¬ + ðŸ‘ðŸŽ% ð‘ðžð ð®ð¥ðšð« ðŒðžð¦ð›ðžð« ð€ðœðœð¨ð®ð§ð­ð¬ | Speed 50K/Day | INSTANT,12046.493,10,100 000,180 Days Refill,16 minutes
17579,Telegram Members - [ 180 Days Refill ] | ðŸ’Ž ðŸ–ðŸŽ% ðð«ðžð¦ð¢ð®ð¦ ð€ðœðœð¨ð®ð§ð­ð¬ + ðŸðŸŽ% ð‘ðžð ð®ð¥ðšð« ðŒðžð¦ð›ðžð« ð€ðœðœð¨ð®ð§ð­ð¬ | Speed 50K/Day | INSTANT,13632.29,10,100 000,180 Days Refill,55 minutes
17535,Telegram Channel / Group Members - [ 365 Days Refill ] | Max 200K | Non-Drop | Speed Up To 20K/Day | INSTANT,333.852,20,200 000,365 Days Refill,39 minutes
8565,Telegram Channel / Group Members - [ 90 Days Refill] | High Quality | Max 500K | ðð¨ð§-ðƒð«ð¨ð© | Speed 30K/Day | Always Instant,400.6224,500,500 000,90 Days Refill,1 hour 49 minutes
15967,Telegram Channel / Group Members - [ 365 Days Refill ] | ððŽð-ðƒð‘ðŽð | ð”ð§ð¥ð¢ð¦ð¢ð­ðžð ðƒðšð­ðšð›ðšð¬ðž | Mixed GEO | Speed Up To 100K/Day | INSTANT,929.2214,500,500 000,365 Days Refill,4 hours 5 minutes
15966,Telegram Channel / Group Members - USA ðŸ‡ºðŸ‡¸ [ 180 Days Refill ] | ððŽð-ðƒð‘ðŽð | ð”ð§ð¥ð¢ð¦ð¢ð­ðžð ðƒðšð­ðšð›ðšð¬ðž | Speed 100K/Day | INSTANT,662.1398,500,500 000,180 Days Refill,2 hours 17 minutes
17512,Telegram Channel Members - [ 365 Days Refill ] ððˆð† ð‚ð€ðð€ð‚ðˆð“ð˜ | Max 10M | ð‡ð¢ð ð¡ ðð®ðšð¥ð¢ð­ð² | ððŽð-ðƒð‘ðŽð | Speed Up To 150K/Day | INSTANT,289.3384,1,10 000 000,365 Days Refill,1 hour 3 minutes
17546,Telegram Channel ðŒðžð¦ð›ðžð«ð¬ ð…ð«ð¨ð¦ ð’ðžðšð«ðœð¡ - [ 365 Days Refill ] ððˆð† ð‚ð€ðð€ð‚ðˆð“ð˜ | Max 500K | ð‡ð¢ð ð¡ ðð®ðšð¥ð¢ð­ð² | ððŽð-ðƒð‘ðŽð | Speed Up To 60K/Day | INSTANT,389.494,1,500 000,365 Days Refill,2 hours 42 minutes
17543,Telegram Channel Members - ððˆð† ð‚ð€ðð€ð‚ðˆð“ð˜ [ 180 Days Refill ] | Max 1M | ð†ðžð¨ ðŒð¢ð±ðžð | Non-Drop | Speed Up To 100K/Day | INSTANT,233.6964,1,1 000 000,180 Days Refill,5 minutes
17547,Telegram Channel Members { ðŒð¢ð§ð¢ð¦ð®ð¦ ðŸðŸŽðŸŽðŠ } ððˆð† ð‚ð€ðð€ð‚ðˆð“ð˜ - [ 365 Days Refill ] | Max 10M | ð‡ð¢ð ð¡ ðð®ðšð¥ð¢ð­ð² | ððŽð-ðƒð‘ðŽð | Speed Up To 150K/Day | INSTANT,244.8248,100 000,100 000 000,365 Days Refill,16 minutes
8403,Telegram Channel Members - [180 Days Refill | Max 100K | ðð¨ð§-ðƒð«ð¨ð© | Speed 50K/Day |INSTANT,306.031,10,1 000 000,180 Days Refill,7 minutes
12870,Telegram Channel / Group Members - [ 120 Days Refill ] | ððŽð-ðƒð‘ðŽð | ð”ð§ð¥ð¢ð¦ð¢ð­ðžð ðƒðšð­ðšð›ðšð¬ðž | Speed 50K/Day | INSTANT,600.9336,500,300 000,120 Days Refill,54 minutes
17545,Telegram Channel / Group Members - [ 365 Days Refill ] | Max 10M | Non-Drop | Speed Up To 50K/Day | INSTANT,484.0854,10,10 000 000,365 Days Refill,11 minutes
17542,Telegram Channel Members - [ 90 Days Refill ] ððˆð† ð‚ð€ðð€ð‚ðˆð“ð˜ | Max 1M | ð†ðžð¨ ðŒð¢ð±ðžð | Non-Drop | Speed Up To 100K/Day | INSTANT,189.1828,1,1 000 000,90 Days Refill,11 minutes
17514,Telegram Channel / Group Members - [ 90 Days Refill ] | Max 300K | Super Fast | ððŽð-ðƒð‘ðŽð | ð”ð§ð¥ð¢ð¦ð¢ð­ðžð ðƒðšð­ðšð›ðšð¬ðž | Speed 50K/Day ðŸš€ | INSTANT,178.0544,500,400 000,90 Days Refill,33 minutes
17516,Telegram Channel / Group Members - [ 90 Days Refill ] | Max 100K | Super Fast | ððŽð-ðƒð‘ðŽð | ð”ð§ð¥ð¢ð¦ð¢ð­ðžð ðƒðšð­ðšð›ðšð¬ðž | Speed 70K/Day ðŸš€ | INSTANT,166.926,500,100 000,90 Days Refill,2 hours 36 minutes
12871,Telegram Channel / Group Members - [ English Profiles ] [ 90 Days Refill ] | ððŽð-ðƒð‘ðŽð | ð”ð§ð¥ð¢ð¦ð¢ð­ðžð ðƒðšð­ðšð›ðšð¬ðž | Speed 50K/Day | INSTANT,261.5174,500,100 000,90 Days Refill,3 hours 3 minutes
12873,Telegram Channel / Group Members - [ 90 Days Refill ] | ððŽð-ðƒð‘ðŽð | ð”ð§ð¥ð¢ð¦ð¢ð­ðžð ðƒðšð­ðšð›ðšð¬ðž | Speed 50K/Day | INSTANT â›”,395.0582,500,100 000,60 Days Refill,6 hours
11969,Telegram Channel / Group Members - [ 90 Days Refill ] ððˆð† ð‚ð€ðð€ð‚ðˆð“ð˜ | Max 1M | ð‡ð¢ð ð¡ ðð®ðšð¥ð¢ð­ð² | Speed 25K/Day | 0-5Mins,217.0038,500,1 000 000,90 Days Refill,36 minutes
17517,Telegram Channel / Group Members - [ 90 Days Refill ] ððˆð† ð‚ð€ðð€ð‚ðˆð“ð˜ | Max 150K | Super Fast | ððŽð-ðƒð‘ðŽð | ð”ð§ð¥ð¢ð¦ð¢ð­ðžð ðƒðšð­ðšð›ðšð¬ðž | Speed 50K/Day ðŸš€ | INSTANT,127.9766,500,100 000,90 Days Refill,1 hour 55 minutes
12889,Telegram Channel / Group Members - [ 90 Days Refill ] | ððŽð-ðƒð‘ðŽð | ð”ð§ð¥ð¢ð¦ð¢ð­ðžð ðƒðšð­ðšð›ðšð¬ðž | Speed 50K/Day | INSTANT,356.1088,500,100 000,90 Days Refill,14 minutes
12868,Telegram Channel / Group Members - [ 90 Days Refill ] | ððŽð-ðƒð‘ðŽð | ð”ð§ð¥ð¢ð¦ð¢ð­ðžð ðƒðšð­ðšð›ðšð¬ðž | Speed 50-100K/Day | INSTANT,395.0582,500,100 000,90 Days Refill,24 minutes
17513,Telegram Channel / Group Members - [ 90 Days Refill ] | Max 50K | Super Fast | ððŽð-ðƒð‘ðŽð | ð”ð§ð¥ð¢ð¦ð¢ð­ðžð ðƒðšð­ðšð›ðšð¬ðž | Speed 40K/Day ðŸš€ | INSTANT,139.105,1 000,50 000,90 Days Refill,1 hour 33 minutes
17534,Telegram Channel / Group Members - [ 90 Days Refill ] | ððŽð-ðƒð‘ðŽð | ð”ð§ð¥ð¢ð¦ð¢ð­ðžð ðƒðšð­ðšð›ðšð¬ðž | Speed 50-100K/Day | INSTANT,395.0582,500,100 000,90 Days Refill,55 minutes
11346,Telegram Channel / Group Members - [ 90 Days Refill ] | ð‡ð¢ð ð¡ ðƒð«ð¨ð© | Max 100K | Speed 10-20K/Day | INSTANT,27.821,5,100 000,90 Days Refill,3 minutes
17515,Telegram Channel / Group Members - [ 90 Days Refill ] | Max 100K | Super Fast | ððŽð-ðƒð‘ðŽð | ð”ð§ð¥ð¢ð¦ð¢ð­ðžð ðƒðšð­ðšð›ðšð¬ðž | Speed 50K/Day ðŸš€ | INSTANT,127.9766,500,100 000,90 Days Refill,1 hour 44 minutes
8563,Telegram Channel / Group Members - [ 90 Days Refill ] | Unlimited | Speed 50K/Day | 0-5Mins,456.2644,500,100 000,90 Days Refill,44 minutes
12872,Telegram Channel / Group Members - [ 90 Days Refill ] | ððŽð-ðƒð‘ðŽð | ð”ð§ð¥ð¢ð¦ð¢ð­ðžð ðƒðšð­ðšð›ðšð¬ðž | Speed 50K/Day | INSTANT,461.8286,500,200 000,90 Days Refill,23 minutes
17541,Telegram Channel Members - [ 60 Days Refill ] ððˆð† ð‚ð€ðð€ð‚ðˆð“ð˜ | Max 1M | ð†ðžð¨ ðŒð¢ð±ðžð | Non-Drop | Speed Up To 100K/Day | INSTANT,155.7976,1,1 000 000,60 Days Refill,15 minutes
12908,Telegram Channel Members - [ 60 Days Refill ] ððˆð† ð‚ð€ðð€ð‚ðˆð“ð˜ | Max 5M | Speed 20-50K/Day | INSTANT,278.21,100,5 000 000,60 Days Refill,4 minutes
15969,Telegram Channel / Group Members - [ 60 Days Refill ] | ððŽð-ðƒð‘ðŽð | Mixed Asian / Europe Profiles | Speed 150K/Day | INSTANT,478.5212,500,200 000,60 Days Refill,16 minutes
8571,ðŸ‡ºðŸ‡¸ Telegram Channel / Group Members - USA ðŸ‡ºðŸ‡¸ | 60 Days Refill | Max 2K | Speed 2K/Day | NSTANT,595.3694,10,2 000,60 Days Refill,3 hours 3 minutes
12869,Telegram Channel / Group Members - [ 60 Days Refill ] ððŽð-ðƒð‘ðŽð | ð”ð§ð¥ð¢ð¦ð¢ð­ðžð ðƒðšð­ðšð›ðšð¬ðž | Speed 100K/Day | INSTANT ðŸš€âš¡,422.8792,500,200 000,60 Days Refill,4 hours 55 minutes
11345,Telegram Channel / Group Members - [ 60 Days Refill ] | Max 100K | ðŒð¢ð±ðžð ðð®ðšð¥ð¢ð­ð² | Speed 50K/Day | INSTANT,411.7508,500,200 000,60 Days Refill,33 minutes
13314,Telegram Channel / Group Members - [ 60 Days Refill ] | ððŽð-ðƒð‘ðŽð | ð”ð§ð¥ð¢ð¦ð¢ð­ðžð ðƒðšð­ðšð›ðšð¬ðž | ð‘ðžðŸð¢ð¥ð¥ ðð®ð­ð­ð¨ð§ | Speed 30-50K/Day | INSTANT,395.0582,500,100 000,60 Days Refill,28 minutes
10440,Telegram Channel Members - [ 60 Days Refill ] | Unlimited | Refill Button | Speed 50K/Day | Always Instant,194.747,100,500 000,60 Days Refill,55 minutes
17536,Telegram Channel / Group Members - [ 60 Days Refill ] | Max 50K | Non-Drop | Speed Up To 15K/Day | INSTANT,400.6224,1,50 000,60 Days Refill,22 minutes
11347,Telegram Channel / Group Members - [ 60 Days Refill ] | ð‡ð¢ð ð¡ ðƒð«ð¨ð© | Max 300K | Speed 20-30K/Day | NSTANT,27.821,1,100 000,60 Days Refill,13 minutes
17540,Telegram Channel / Group Members - [ 30 Days Refill ] | Max 300K | ð‡ð¢ð ð¡ ðð®ðšð¥ð¢ð­ð² | Non-Drop | Speed Up To 20K/Day | INSTANT,217.0038,10,300 000,30 Days Refill,15 minutes
11970,Telegram Channel / Group Members - [ 30 Days Refill ] | Max 5M | ðð¢ð ðƒðšð­ðšð›ðšð¬ðž | Auto-Refill | Speed 100K/Day | INSTANT,267.0816,500,5 000 000,30 Days Refill,39 minutes
15968,Telegram Channel / Group Members - [ Mixed GEO ] 30 Days Refill | ððŽð-ðƒð‘ðŽð | ð”ð§ð¥ð¢ð¦ð¢ð­ðžð ðƒðšð­ðšð›ðšð¬ðž | Speed 150K/Day | INSTANT,267.0816,500,300 000,30 Days Refill,11 minutes
13312,Telegram Channel / Group Members - [30 Days Refill] [Non-Drop] [Max 200K] [Speed 10-20K/Day] [INSTANT],339.4162,500,200 000,30 Days Refill,23 minutes
8564,Telegram Channel / Group Members - [ 30 Days Refill ] | Unlimited Database | ðð¨ð§-ðƒð«ð¨ð© | Speed 20-40K/Day | Always Instant,422.8792,25,100 000,30 Days Refill,14 minutes
17548,Telegram Channel Members - [ 30 Days Refill ] ððˆð† ð‚ð€ðð€ð‚ðˆð“ð˜ | Max 1M | ð†ðžð¨ ðŒð¢ð±ðžð | Non-Drop | Speed Up To 100K/Day | INSTANT,111.284,1,1 000 000,30 Days Refill,1 hour 3 minutes
10034,Telegram Channel Members - [ 30 Days Refill ] | Max 400K | Speed 30K/Day | INSTANT,139.105,1,400 000,30 Days Refill,33 minutes
11343,Telegram Channel / Group Members - [ 30 Days Refill ] | Max 50K | Speed 50K/Day | Non-Drop | Always Instant,445.136,500,500 000,30 Days Refill,2 hours 37 minutes
13127,Telegram Channel / Group Members - [30 Days Refill] [ð”ð§ð¥ð¢ð¦ð¢ð­ðžð ðƒðšð­ðšð›ðšð¬ðž] [Speed 50K/Day] [INSTANT],333.852,500,100 000,30 Days Refill,55 minutes
11971,Telegram Channel / Group Members - [ 30 Days Refill ] | ð„ð§ð ð¥ð¢ð¬ð¡ ðð«ð¨ðŸð¢ð¥ðžð¬ | Max 250K | ðð¨ð§-ðƒð«ð¨ð© | Speed 50-80K/Day | INSTANT,333.852,500,250 000,30 Days Refill,4 minutes
8404,Telegram Channel / Group Members - [ 30 Days Refill ] | ðð®ð›ð¥ð¢ðœ / ðð«ð¢ð¯ðšð­ðž | Max 100K | Speed 50K/Day | INSTANT,311.5952,500,100 000,30 Days Refill,2 hours 18 minutes
8568,Telegram Channel / Group Members - [ 30 Days Refill ] | ð„ð§ð ð¥ð¢ð¬ð¡ ðð«ð¨ðŸð¢ð¥ðžð¬ | Max 100K | ðð¨ð§-ðƒð«ð¨ð© | Speed 50-80K/Day | INSTANT],311.5952,500,100 000,30 Days Refill,23 minutes
8944,Telegram Channel / Group Members - [ 30 Days Refil ] | Max 100K | Low Drop | Speed 15K/Day | INSTANT,250.389,1,100 000,No Refill,16 minutes
12867,Telegram Channel / Group Members - 30 Days Refill | ððŽð-ðƒð‘ðŽð | ð”ð§ð¥ð¢ð¦ð¢ð­ðžð ðƒðšð­ðšð›ðšð¬ðž | Speed 30-50K/Day | INSTANT,395.0582,500,100 000,30 Days Refill,5 hours 11 minutes
13313,Telegram Channel / Group Members - [30 Days Refill] [ððŽð-ðƒð‘ðŽð] [ð”ð§ð¥ð¢ð¦ð¢ð­ðžð ðƒðšð­ðšð›ðšð¬ðž] [Speed 100K/Day] [INSTANT],395.0582,500,100 000,30 Days Refill,54 minutes
8405,Telegram Channel / Group Members - [ 30 Days Refill ] | Max 5M | ððˆð† ð‚ð€ðð€ð‚ðˆð“ð˜ | Non-Drop | Speed 30-100K/Day | INSTANT,528.599,10,5 000 000,No Refill,11 minutes
8567,Telegram Channel / Group Members - [ 30 Days Refill ] ð‘ð„ð€ð‹ | Unlimited | Speed 100K/Day | Always Instant,478.5212,20,100 000,30 Days Refill,1 hour 16 minutes
10439,Telegram Channel / Group Members - [ 30 Days Refill ] ððˆð† ð‚ð€ðð€ð‚ðˆð“ð˜ | ð‡ð¢ð ð¡ ðð®ðšð¥ð¢ð­ð² | Speed 10K/Day | 0-5Mins,422.8792,10,1 000 000,30 Days Refill,24 minutes
8566,Telegram Channel / Group Members - [ 30 Days Refill ] | ð‡ð¢ð ð¡ ðƒð«ð¨ð© | Max 100K | Speed 20K/Day | INSTANT,27.821,1,100 000,30 Days Refill,17 minutes
17532,Telegram Channel / Group Members - [ 30 Days Refill ] | Non-Drop | Max 100K | Speed 40K/Day | INSTANT,383.9298,10,100 000,30 Days Refill,18 minutes
6792,Telegram Channel / Group Members - | 30 Days Auto-Refill | Max 500K | ð†ð¨ð¨ð ðð®ðšð¥ð¢ð­ð² | Speed 50-100K/Day | INSTANT],556.42,10,500 000,30 Days Refill,33 minutes
10438,Telegram Members - [ 30 Days Refill ] ððˆð† ð‚ð€ðð€ð‚ðˆð“ð˜ | Non-Drop | Speed 100K/Day | 0-5 Mins,539.7274,10,500 000,30 Days Refill,2 minutes
11344,Telegram Channel / Group Members - [ 30 Days Refill ] | ð‘ð„ð€ð‹] | Max 500K | Speed 20K/Day | Always Instant,500.778,100,500 000,30 Days Refill,16 minutes
5213,Telegram Channel / Group Members - [ 30 Days Refill ] ð‘ð„ð€ð‹ | Max 400K | ðð¨ð§-ðƒð«ð¨ð© | Speed 10-20K/Day | INSTANT,461.8286,10,400 000,30 Days Refill,4 minutes
17538,Telegram Channel Members - [ 3 Days Refill ] ððˆð† ð‚ð€ðð€ð‚ðˆð“ð˜ | Max 1M | ð†ðžð¨ ðŒð¢ð±ðžð | Speed Up To 100K/Day | INSTANT,66.7704,10,1 000 000,No Refill,69 hours 32 minutes
17539,Telegram Channel Members - [ 7 Days Refill ] | Max 1M | ð†ðžð¨ ðŒð¢ð±ðžð | Speed Up To 100K/Day | INSTANT,77.8988,1,1 000 000,7 Days Refill,1 hour 19 minutes
9122,Telegram Channel / Group Members - [ðð‘ðˆð•ð€ð“ð„ ð‚ð‡ð€ððð„ð‹] [Max 20K] [ð‘ð„ð€ð‹ & ðŽð‘ð†ð€ððˆð‚ ð”ð’ð„ð‘ð’] [Speed 5-10K/Day] [0-30Mins],333.852,500,20 000,No Refill,22 minutes
17533,Telegram Channel / Group Members - [ 14 Days Refill ] | Max 100K | Non-Drop | Speed 35K/Day | INSTANT,200.3112,10,100 000,No Refill,17 minutes
5861,Telegram Channel / Group Members - [ 3 Days Refill ] | Max 100K | ð‡ð¢ð ð¡ ðƒð«ð¨ð© | Speed 30K/Day | INSTANT,16.6926,1,100 000,No Refill,31 minutes
5209,Telegram Channel / Group Members - [ 7 Days Refill ] | Max 100K | ð‡ð¢ð ð¡ ðƒð«ð¨ð© | Speed 50K/Day | INSTANT,22.2568,1,100 000,7 Days Refill,45 minutes
17518,Telegram Channel / Group Members - [ 7 Days Refill ] | Max 50K | ðŒðžðð¢ð®ð¦ ðƒð«ð¨ð© | Speed 20K/Day | INSTANT,94.5914,10,50 000,7 Days Refill,45 hours 36 minutes
16033,Telegram Members [ 30 Days Refill ] | ðŽðð‹ðˆðð„ ðŒð„ðŒðð„ð‘ð’ ðŸŸ¢ | Max 100K | ðð¨ ð‘ðžð¬ð­ð«ð¢ðœð­ð¢ð¨ð§ð¬ | Non-Drop | 50K/Day | INSTANT,790.1164,10,100 000,30 Days Refill,5 minutes
17549,Telegram Members [ 60 Days Refill ] | ðŽðð‹ðˆðð„ ðŒð„ðŒðð„ð‘ð’ ðŸŸ¢ | Max 100K | ðð¨ ð‘ðžð¬ð­ð«ð¢ðœð­ð¢ð¨ð§ð¬ | Non-Drop | 50K/Day | INSTANT,1196.303,10,100 000,60 Days Refill,11 minutes
17550,Telegram Members [ 90 Days Refill ] | ðŽðð‹ðˆðð„ ðŒð„ðŒðð„ð‘ð’ ðŸŸ¢ | Max 100K | ðð¨ ð‘ðžð¬ð­ð«ð¢ðœð­ð¢ð¨ð§ð¬ | Non-Drop | 50K/Day | INSTANT,1585.797,10,100 000,90 Days Refill,33 minutes
17551,Telegram Members [ 180 Days Refill ] | ðŽðð‹ðˆðð„ ðŒð„ðŒðð„ð‘ð’ ðŸŸ¢ | Max 100K | ðð¨ ð‘ðžð¬ð­ð«ð¢ðœð­ð¢ð¨ð§ð¬ | Non-Drop | 50K/Day | INSTANT,2364.785,10,100 000,180 Days Refill,22 minutes
17552,Telegram Members - [ 30 Days Refill ] | ðŸ’Ž ðŸðŸŽ% ðð«ðžð¦ð¢ð®ð¦ ð€ðœðœð¨ð®ð§ð­ð¬ + ðŸ–ðŸŽ% ð‘ðžð ð®ð¥ðšð« ðŒðžð¦ð›ðžð« ð€ðœðœð¨ð®ð§ð­ð¬ | Speed 50K/Day | INSTANT,1040.5054,10,100 000,30 Days Refill,2 minutes
17553,Telegram Members - [ 30 Days Refill ] | ðŸ’Ž ðŸ‘ðŸŽ% ðð«ðžð¦ð¢ð®ð¦ ð€ðœðœð¨ð®ð§ð­ð¬ + ðŸ•ðŸŽ% ð‘ðžð ð®ð¥ðšð« ðŒðžð¦ð›ðžð« ð€ðœðœð¨ð®ð§ð­ð¬ | Speed 50K/Day | INSTANT,1357.6648,10,100 000,30 Days Refill,11 minutes
17554,Telegram Members - [ 30 Days Refill ] | ðŸ’Ž ðŸ’ðŸŽ% ðð«ðžð¦ð¢ð®ð¦ ð€ðœðœð¨ð®ð§ð­ð¬ + ðŸ”ðŸŽ% ð‘ðžð ð®ð¥ðšð« ðŒðžð¦ð›ðžð« ð€ðœðœð¨ð®ð§ð­ð¬ | Speed 50K/Day | INSTANT,1674.8242,10,100 000,30 Days Refill,23 minutes
17555,Telegram Members - [ 30 Days Refill ] | ðŸ’Ž ðŸ“ðŸŽ% ðð«ðžð¦ð¢ð®ð¦ ð€ðœðœð¨ð®ð§ð­ð¬ + ðŸ“ðŸŽ% ð‘ðžð ð®ð¥ðšð« ðŒðžð¦ð›ðžð« ð€ðœðœð¨ð®ð§ð­ð¬ | Speed 50K/Day | INSTANT,1991.9836,10,100 000,30 Days Refill,55 minutes
17556,Telegram Members - [ 30 Days Refill ] | ðŸ’Ž ðŸ”ðŸŽ% ðð«ðžð¦ð¢ð®ð¦ ð€ðœðœð¨ð®ð§ð­ð¬ + ðŸ’ðŸŽ% ð‘ðžð ð®ð¥ðšð« ðŒðžð¦ð›ðžð« ð€ðœðœð¨ð®ð§ð­ð¬ | Speed 50K/Day | INSTANT,2309.143,10,100 000,30 Days Refill,17 minutes
17557,Telegram Members - [ 30 Days Refill ] | ðŸ’Ž ðŸ•ðŸŽ% ðð«ðžð¦ð¢ð®ð¦ ð€ðœðœð¨ð®ð§ð­ð¬ + ðŸ‘ðŸŽ% ð‘ðžð ð®ð¥ðšð« ðŒðžð¦ð›ðžð« ð€ðœðœð¨ð®ð§ð­ð¬ | Speed 50K/Day | INSTANT,2626.3024,10,100 000,30 Days Refill,11 minutes
17558,Telegram Members - [ 30 Days Refill ] | ðŸ’Ž ðŸ–ðŸŽ% ðð«ðžð¦ð¢ð®ð¦ ð€ðœðœð¨ð®ð§ð­ð¬ + ðŸðŸŽ% ð‘ðžð ð®ð¥ðšð« ðŒðžð¦ð›ðžð« ð€ðœðœð¨ð®ð§ð­ð¬ | Speed 50K/Day | INSTANT,2943.4618,10,100 000,30 Days Refill,33 minutes
17559,Telegram Members - [ 60 Days Refill ] | ðŸ’Ž ðŸðŸŽ% ðð«ðžð¦ð¢ð®ð¦ ð€ðœðœð¨ð®ð§ð­ð¬ + ðŸ–ðŸŽ% ð‘ðžð ð®ð¥ðšð« ðŒðžð¦ð›ðžð« ð€ðœðœð¨ð®ð§ð­ð¬ | Speed 50K/Day | INSTANT,1774.9798,10,100 000,60 Days Refill,11 minutes
17560,Telegram Members - [ 60 Days Refill ] | ðŸ’Ž ðŸ‘ðŸŽ% ðð«ðžð¦ð¢ð®ð¦ ð€ðœðœð¨ð®ð§ð­ð¬ + ðŸ•ðŸŽ% ð‘ðžð ð®ð¥ðšð« ðŒðžð¦ð›ðžð« ð€ðœðœð¨ð®ð§ð­ð¬ | Speed 50K/Day | INSTANT,2409.2986,10,100 000,60 Days Refill,17 minutes
17561,Telegram Members - [ 60 Days Refill ] | ðŸ’Ž ðŸ’ðŸŽ% ðð«ðžð¦ð¢ð®ð¦ ð€ðœðœð¨ð®ð§ð­ð¬ + ðŸ”ðŸŽ% ð‘ðžð ð®ð¥ðšð« ðŒðžð¦ð›ðžð« ð€ðœðœð¨ð®ð§ð­ð¬ | Speed 50K/Day | INSTANT,3043.6174,10,100 000,60 Days Refill,17 minutes
17562,Telegram Members - [ 60 Days Refill ] | ðŸ’Ž ðŸ“ðŸŽ% ðð«ðžð¦ð¢ð®ð¦ ð€ðœðœð¨ð®ð§ð­ð¬ + ðŸ“ðŸŽ% ð‘ðžð ð®ð¥ðšð« ðŒðžð¦ð›ðžð« ð€ðœðœð¨ð®ð§ð­ð¬ | Speed 50K/Day | INSTANT,3677.9362,10,100 000,60 Days Refill,22 minutes
17563,Telegram Members - [ 60 Days Refill ] | ðŸ’Ž ðŸ”ðŸŽ% ðð«ðžð¦ð¢ð®ð¦ ð€ðœðœð¨ð®ð§ð­ð¬ + ðŸ’ðŸŽ% ð‘ðžð ð®ð¥ðšð« ðŒðžð¦ð›ðžð« ð€ðœðœð¨ð®ð§ð­ð¬ | Speed 50K/Day | INSTANT,4312.255,10,100 000,60 Days Refill,33 minutes
17564,Telegram Members - [ 60 Days Refill ] | ðŸ’Ž ðŸ•ðŸŽ% ðð«ðžð¦ð¢ð®ð¦ ð€ðœðœð¨ð®ð§ð­ð¬ + ðŸ‘ðŸŽ% ð‘ðžð ð®ð¥ðšð« ðŒðžð¦ð›ðžð« ð€ðœðœð¨ð®ð§ð­ð¬ | Speed 50K/Day | INSTANT,4946.5738,10,100 000,60 Days Refill,22 minutes
17565,Telegram Members - [ 60 Days Refill ] | ðŸ’Ž ðŸ–ðŸŽ% ðð«ðžð¦ð¢ð®ð¦ ð€ðœðœð¨ð®ð§ð­ð¬ + ðŸðŸŽ% ð‘ðžð ð®ð¥ðšð« ðŒðžð¦ð›ðžð« ð€ðœðœð¨ð®ð§ð­ð¬ | Speed 50K/Day | INSTANT,5580.8926,10,100 000,60 Days Refill,11 minutes
17566,Telegram Members - [ 90 Days Refill ] | ðŸ’Ž ðŸðŸŽ% ðð«ðžð¦ð¢ð®ð¦ ð€ðœðœð¨ð®ð§ð­ð¬ + ðŸ–ðŸŽ% ð‘ðžð ð®ð¥ðšð« ðŒðžð¦ð›ðžð« ð€ðœðœð¨ð®ð§ð­ð¬ | Speed 50K/Day | INSTANT,2515.0184,10,100 000,90 Days Refill,22 minutes
17567,Telegram Members - [ 90 Days Refill ] | ðŸ’Ž ðŸ‘ðŸŽ% ðð«ðžð¦ð¢ð®ð¦ ð€ðœðœð¨ð®ð§ð­ð¬ + ðŸ•ðŸŽ% ð‘ðžð ð®ð¥ðšð« ðŒðžð¦ð›ðžð« ð€ðœðœð¨ð®ð§ð­ð¬ | Speed 50K/Day | INSTANT,3466.4966,10,100 000,90 Days Refill,16 minutes
17568,Telegram Members - [ 90 Days Refill ] | ðŸ’Ž ðŸ’ðŸŽ% ðð«ðžð¦ð¢ð®ð¦ ð€ðœðœð¨ð®ð§ð­ð¬ + ðŸ”ðŸŽ% ð‘ðžð ð®ð¥ðšð« ðŒðžð¦ð›ðžð« ð€ðœðœð¨ð®ð§ð­ð¬ | Speed 50K/Day | INSTANT,4417.9748,10,100 000,90 Days Refill,33 minutes
17569,Telegram Members - [ 90 Days Refill ] | ðŸ’Ž ðŸ“ðŸŽ% ðð«ðžð¦ð¢ð®ð¦ ð€ðœðœð¨ð®ð§ð­ð¬ + ðŸ“ðŸŽ% ð‘ðžð ð®ð¥ðšð« ðŒðžð¦ð›ðžð« ð€ðœðœð¨ð®ð§ð­ð¬ | Speed 50K/Day | INSTANT,5369.453,10,100 000,90 Days Refill,55 minutes
17570,Telegram Members - [ 90 Days Refill ] | ðŸ’Ž ðŸ”ðŸŽ% ðð«ðžð¦ð¢ð®ð¦ ð€ðœðœð¨ð®ð§ð­ð¬ + ðŸ’ðŸŽ% ð‘ðžð ð®ð¥ðšð« ðŒðžð¦ð›ðžð« ð€ðœðœð¨ð®ð§ð­ð¬ | Speed 50K/Day | INSTANT,6320.9312,10,100 000,90 Days Refill,16 minutes
17571,Telegram Members - [ 90 Days Refill ] | ðŸ’Ž ðŸ•ðŸŽ% ðð«ðžð¦ð¢ð®ð¦ ð€ðœðœð¨ð®ð§ð­ð¬ + ðŸ‘ðŸŽ% ð‘ðžð ð®ð¥ðšð« ðŒðžð¦ð›ðžð« ð€ðœðœð¨ð®ð§ð­ð¬ | Speed 50K/Day | INSTANT,7272.4094,10,100 000,90 Days Refill,17 minutes
17572,Telegram Members - [ 90 Days Refill ] | ðŸ’Ž ðŸ–ðŸŽ% ðð«ðžð¦ð¢ð®ð¦ ð€ðœðœð¨ð®ð§ð­ð¬ + ðŸðŸŽ% ð‘ðžð ð®ð¥ðšð« ðŒðžð¦ð›ðžð« ð€ðœðœð¨ð®ð§ð­ð¬ | Speed 50K/Day | INSTANT,8223.8876,10,100 000,90 Days Refill,55 minutes
17573,Telegram Members - [ 180 Days Refill ] | ðŸ’Ž ðŸðŸŽ% ðð«ðžð¦ð¢ð®ð¦ ð€ðœðœð¨ð®ð§ð­ð¬ + ðŸ–ðŸŽ% ð‘ðžð ð®ð¥ðšð« ðŒðžð¦ð›ðžð« ð€ðœðœð¨ð®ð§ð­ð¬ | Speed 50K/Day | INSTANT,4117.508,10,100 000,180 Days Refill,22 minutes
17574,Telegram Members - [ 180 Days Refill ] | ðŸ’Ž ðŸ‘ðŸŽ% ðð«ðžð¦ð¢ð®ð¦ ð€ðœðœð¨ð®ð§ð­ð¬ + ðŸ•ðŸŽ% ð‘ðžð ð®ð¥ðšð« ðŒðžð¦ð›ðžð« ð€ðœðœð¨ð®ð§ð­ð¬ | Speed 50K/Day | INSTANT,5703.305,10,100 000,180 Days Refill,55 minutes
17575,Telegram Members - [ 180 Days Refill ] | ðŸ’Ž ðŸ’ðŸŽ% ðð«ðžð¦ð¢ð®ð¦ ð€ðœðœð¨ð®ð§ð­ð¬ + ðŸ”ðŸŽ% ð‘ðžð ð®ð¥ðšð« ðŒðžð¦ð›ðžð« ð€ðœðœð¨ð®ð§ð­ð¬ | Speed 50K/Day | INSTANT,7289.102,10,100 000,180 Days Refill,22 minutes
17576,Telegram Members - [ 180 Days Refill ] | ðŸ’Ž ðŸ“ðŸŽ% ðð«ðžð¦ð¢ð®ð¦ ð€ðœðœð¨ð®ð§ð­ð¬ + ðŸ“ðŸŽ% ð‘ðžð ð®ð¥ðšð« ðŒðžð¦ð›ðžð« ð€ðœðœð¨ð®ð§ð­ð¬ | Speed 50K/Day | INSTANT,8874.899,10,100 000,180 Days Refill,17 minutes
17577,Telegram Members - [ 180 Days Refill ] | ðŸ’Ž ðŸ”ðŸŽ% ðð«ðžð¦ð¢ð®ð¦ ð€ðœðœð¨ð®ð§ð­ð¬ + ðŸ’ðŸŽ% ð‘ðžð ð®ð¥ðšð« ðŒðžð¦ð›ðžð« ð€ðœðœð¨ð®ð§ð­ð¬ | Speed 50K/Day | INSTANT,10460.696,10,100 000,180 Days Refill,17 minutes
17578,Telegram Members - [ 180 Days Refill ] | ðŸ’Ž ðŸ•ðŸŽ% ðð«ðžð¦ð¢ð®ð¦ ð€ðœðœð¨ð®ð§ð­ð¬ + ðŸ‘ðŸŽ% ð‘ðžð ð®ð¥ðšð« ðŒðžð¦ð›ðžð« ð€ðœðœð¨ð®ð§ð­ð¬ | Speed 50K/Day | INSTANT,12046.493,10,100 000,180 Days Refill,16 minutes
17579,Telegram Members - [ 180 Days Refill ] | ðŸ’Ž ðŸ–ðŸŽ% ðð«ðžð¦ð¢ð®ð¦ ð€ðœðœð¨ð®ð§ð­ð¬ + ðŸðŸŽ% ð‘ðžð ð®ð¥ðšð« ðŒðžð¦ð›ðžð« ð€ðœðœð¨ð®ð§ð­ð¬ | Speed 50K/Day | INSTANT,13632.29,10,100 000,180 Days Refill,55 minutes
16694,Telegram Post Views | 1 Post | ðŸðŸ“ ðŒð¢ð±ðžð ð‚ð¨ð®ð§ð­ð«ð² ð’ð­ðšð­ð¬ [HQ STATðŸ“Š] | Max 3M | Speed 3M/Day | INSTANT,27.821,10,3 000 000,No Refill,9 minutes
9243,Telegram Premium Views - [WORLDWIDE] [Max 80K] [ð‘ðžðšð¥ ð’ð­ðšð­ð¬] [Good For Ranking] [Speed 10-50K/Day] [Non-Drop] [No Refill] [INSTANT],72.3346,10,200 000,No Refill,4 minutes
16756,Telegram Post Views | 1 Post | [HQ STATðŸ“Š] ðŽð«ð ðšð§ð¢ðœ ðŸðŸ ðŒð¢ð±ðžð ð‚ð¨ð®ð§ð­ð«ð¢ðžð¬ [ REAL ] | Max 1M | Speed 1M/Day | INSTANT,55.642,10,1 000 000,No Refill,3 minutes
5172,Telegram Post Views | 1 Post | Max 10M | ð‘ð„ð€ð‹ & ð’ð”ðð„ð‘ð…ð€ð’ð“ | Speed 2-5M/Day | INSTANT,5.5642,10,1 000 000,No Refill,62 hours 21 minutes
5181,Telegram Post Views | 1 Post | Max 10M | Speed 2M/Day | INSTANT,5.5642,10,5 000 000,No Refill,47 hours 9 minutes
13365,Telegram Post Views | 1 Post | Max 1M | Speed 500K/Day | INSTANT,5.5642,10,100 000,No Refill,49 hours 44 minutes
5162,Telegram Post Views | 1 Post | Unlimited | Speed 1M/Day | INSTANT,1.66926,10,100 000 000,No Refill,4 hours 24 minutes
16693,Telegram Post Views | 1 Post | ðŒð¢ð±ðžð ð’ð­ðšð­ð¬ | Max 5M | Speed 2M/Day | INSTANT,11.1284,100,5 000 000,No Refill,20 minutes
11588,Telegram Post Views | Max 50K | ð‘ðžðšð¥ ð’ð­ðšð­ð¬ | Speed 500/HR | INSTANT,47.2957,10,50 000,No Refill,5 hours 9 minutes
5182,Telegram Post Views | Last 5 Posts | No Refill | BOT | Max 300K | Speed 10K/Day | 0-15Mins,5.00778,10,30 000,No Refill,5 hours 49 minutes
5163,Telegram Post Views - [REAL] [Last 5 Posts] [Max 1M] [FAST] [Speed 400-500K/Day] [INSTANT],27.821,10,10 000 000,No Refill,6 minutes
16695,Telegram Post Views | Last 5 Posts | Speed 20K/Day,5.5642,10,300 000,No Refill,2 hours
5164,Telegram Post Views | Last 10 Posts | No Refill | BOT | Max 300K | Speed 10K/Day | 0-15Mins,10.01556,10,300 000,No Refill,6 hours 23 minutes
5165,Telegram Post Views - [REAL] [Last 10 Posts] [Max 1M] [FAST] [Speed 400-500K/Day] [INSTANT],44.5136,10,10 000 000,No Refill,5 minutes
16696,Telegram Post Views | Last 10 Posts | Speed 20K/Day,11.1284,10,300 000,No Refill,29 minutes
8490,Telegram Post Views | Last 20 Posts | No Refill | BOT | Max 300K | Speed 10K/Day | 0-15Mins,22.2568,10,300 000,No Refill,4 hours 30 minutes
8491,Telegram Post Views - [REAL] [Last 20 Posts] [Max 1M] [FAST] [Speed 400-500K/Day] [INSTANT],83.463,10,10 000 000,No Refill,6 minutes
16697,Telegram Post Views | Last 20 Posts | Speed 20K/Day,22.2568,10,300 000,No Refill,7 hours 14 minutes
15698,Telegram Post Views | Last 30 Posts | No Refill | BOT | Max 300K | Speed 10K/Day | 0-15Mins,31.15952,10,300 000,No Refill,4 hours 23 minutes
15699,Telegram Post Views | Last 50 Posts | No Refill | BOT | Max 300K | Speed 10K/Day | 0-15Mins,52.8599,10,300 000,No Refill,53 minutes
8492,Telegram Post Views - [REAL] [Last 50 Posts] [Max 1M] [FAST] [Speed 400-500K/Day] [INSTANT],155.7976,10,10 000 000,No Refill,3 minutes
5166,Telegram Post Views | Last 100 Posts | No Refill | BOT | Max 300K | Speed 10K/Day | 0-15Mins,102.9377,10,300 000,No Refill,26 minutes
5168,Telegram Post Views - [REAL] [Last 100 Posts] [Max 1M] [FAST] [Speed 400-500K/Day] [INSTANT],294.9026,10,10 000 000,No Refill,2 minutes
5167,Telegram Post Views | Last 200 Posts | No Refill | BOT | Max 300K | Speed 10K/Day | 0-15Mins,205.8754,10,300 000,No Refill,23 minutes
5170,Telegram Post Views - [REAL] [Last 200 Posts] [Max 1M] [FAST] [Speed 400-500K/Day] [INSTANT],489.6496,10,10 000 000,No Refill,3 minutes
5169,Telegram Post Views | Last 500 Posts | No Refill | BOT | Max 300K | Speed 10K/Day | 0-15Mins,511.9064,10,300 000,No Refill,11 minutes
16655,Telegram Post Views - [REAL] [Last 500 Posts] [Max 1M] [FAST] [Speed 400-500K/Day] [INSTANT],918.093,10,10 000 000,No Refill,6 minutes
7337,Telegram Post Views | Future 5 Posts | Speed 100-200K/Day | INSTANT,6.67704,10,500 000,No Refill,2 minutes
5184,Telegram Post Views | Future 10 Posts | Speed 100-200K/Day | INSTANT,16.6926,10,500 000,No Refill,2 minutes
5185,Telegram Post Views | Future 20 Posts | Speed 100-200K/Day | INSTANT,33.3852,10,500 000,No Refill,1 minute
5187,Telegram Post Views | Future 50 Posts | Speed 100-200K/Day | INSTANT,77.8988,10,500 000,No Refill,2 minutes
5188,Telegram Post Views | Future 100 Posts | Speed 100-200K/Day | INSTANT,1157.3536,100,2 000 000,No Refill,22 minutes
11562,Telegram Post Views | Future 500 Posts | Speed 100-200K/Day | INSTANT,4868.675,100,2 000 000,No Refill,55 minutes
16793,Telegram Post Views | Future 1000 Posts | Speed 100-200K/Day | INSTANT,9041.825,100,2 000 000,No Refill,17 minutes
8523,Telegram Post Views | ðŒð¢ð±ðžð ð‚ð¨ð®ð§ð­ð«ð¢ðžð¬ | ðŸ‡®ðŸ‡± ðŸ‡¨ðŸ‡³ ðŸ‡¸ðŸ‡¦ ðŸ‡¦ðŸ‡ª ðŸ‡®ðŸ‡³ ðŸ‡·ðŸ‡º ðŸ‡ºðŸ‡¸ ðŸ‡©ðŸ‡ª ðŸ‡¹ðŸ‡· ðŸ‡°ðŸ‡· | Max 1M | Speed 10-50K/Day,22.2568,10,1 000 000,No Refill,2 minutes
5178,Telegram Post Views | Ukraine ðŸ‡ºðŸ‡¦ | Last Post | Max 100K | Speed 10-50K/Day,33.3852,50,100 000,No Refill,15 minutes
16759,Telegram Post Views | USA ðŸ‡ºðŸ‡¸ | Last Post | Max 100K | Speed 10-50K/Day,16.6926,50,100 000,No Refill,50 hours 56 minutes
16760,Telegram Post Views | India ðŸ‡®ðŸ‡³ | Last Post | Max 100K | Speed 10-50K/Day,33.3852,50,100 000,No Refill,16 minutes
5173,Telegram Post Views | China ðŸ‡¨ðŸ‡³ | Last Post | Max 100K | Speed 10-50K/Day,27.821,10,100 000,No Refill,20 minutes
8524,Telegram Post Views | Israel ðŸ‡®ðŸ‡± | Last Post | Max 100K | Speed 10-50K/Day,27.821,10,100 000,No Refill,22 minutes
8526,Telegram Post Views | Saudi Arabia ðŸ‡¸ðŸ‡¦ | Last Post | Max 100K | Speed 10-50K/Day,27.821,10,100 000,No Refill,11 minutes
8527,Telegram Post Views | Germany ðŸ‡©ðŸ‡ª | Last Post | Max 100K | Speed 10-50K/Day,33.3852,50,50 000,No Refill,4 minutes
8528,Telegram Post Views | Turkiye ðŸ‡¹ðŸ‡· | Last Post | Max 100K | Speed 10-50K/Day,33.3852,50,1 000 000,No Refill,3 minutes
8529,Telegram Post Views | Italy ðŸ‡®ðŸ‡¹ | Last Post | Max 10K | Speed 10K/Day,33.3852,50,10 000,No Refill,2 minutes
11560,Telegram Post Views | Indonesia ðŸ‡®ðŸ‡© | Last Post | Max 100K | Speed 10-50K/Day,33.3852,50,1 000 000,No Refill,16 minutes
5179,Telegram Post Views | Kazakhstan ðŸ‡°ðŸ‡¿ | Last Post | Max 100K | Speed 10-50K/Day,36.1673,50,50 000,No Refill,17 minutes
5177,Telegram Post Views | Uzbekistan ðŸ‡ºðŸ‡¿ | Last Post | Max 100K | Speed 10-50K/Day,66.7704,10,200 000,No Refill,23 minutes
8493,Telegram Auto Post Views - [ð…ð®ð­ð®ð«ðž + ðŽð¥ð ðð¨ð¬ð­ð¬] [Max 10M] [Speed 300K/Day] [INSTANT],5.5642,10,1 000 000,No Refill,45 hours
8494,Telegram Auto Post Views - [ð…ð®ð­ð®ð«ðž + ðŽð¥ð ðð¨ð¬ð­ð¬] [Max 10M] [Speed 2M/Day] [INSTANT],5.5642,10,1 000 000,No Refill,52 hours 32 minutes
8495,Telegram Auto Post Views - [ð…ð®ð­ð®ð«ðž + ðŽð¥ð ðð¨ð¬ð­ð¬] [Max 10M] [REAL & SUPERFAST] [Speed 2-5M/Day] [INSTANT],5.5642,10,100 000 000,No Refill,52 hours 23 minutes
16840,Telegram Views + Positive Reaction [ðŸ‘ðŸ¤©ðŸŽ‰ðŸ”¥â¤ï¸ðŸ¥°ðŸ‘ðŸ»] - [Max 1M] [Speed 5-10K/Day] [Instant],38.9494,10,1 000 000,No Refill,5 minutes
16805,Telegram Post Reactions + Views | Always Stable | 200K/Day [ðŸ‘Ž],33.3852,10,1 000 000,No Refill,23 minutes
16806,Telegram Post Reactions + Views | Always Stable | 200K/Day [ðŸ‘],33.3852,10,1 000 000,No Refill,55 minutes
16841,Telegram Views + Negative Reaction [ðŸ‘ŽðŸ˜ðŸ˜¢ðŸ’©ðŸ¤®ðŸ¤”ðŸ¤¯ðŸ¤¬] - [Max 1M] [Speed 5-10K/Day] [Instant],38.9494,10,1 000 000,No Refill,2 minutes
16807,Telegram Post Reactions + Views | Always Stable | 200K/Day [ðŸ¤£],33.3852,10,1 000 000,No Refill,1 hour 17 minutes
16808,Telegram Post Reactions + Views | Always Stable | 200K/Day [ðŸ¤¡],33.3852,10,1 000 000,No Refill,17 minutes
16809,Telegram Post Reactions + Views | Always Stable | 200K/Day [ðŸ•Š],33.3852,10,1 000 000,No Refill,23 minutes
16810,Telegram Post Reactions + Views | Always Stable | 200K/Day [ðŸ³],33.3852,10,1 000 000,No Refill,3 minutes
16811,Telegram Post Reactions + Views | Always Stable | 200K/Day [ðŸ˜±],33.3852,10,1 000 000,No Refill,55 minutes
16812,Telegram Post Reactions + Views | Always Stable | 200K/Day [ðŸ¤©],33.3852,10,1 000 000,No Refill,2 minutes
16813,Telegram Post Reactions + Views | Always Stable | 200K/Day [ðŸ˜],33.3852,10,1 000 000,No Refill,23 minutes
16814,Telegram Post Reactions + Views | Always Stable | 200K/Day [âš¡ï¸],33.3852,10,1 000 000,No Refill,2 minutes
16815,Telegram Post Reactions + Views | Always Stable | 200K/Day [ðŸŒ],33.3852,10,1 000 000,No Refill,11 minutes
16816,Telegram Post Reactions + Views | Always Stable | 200K/Day [ðŸ†],33.3852,10,1 000 000,No Refill,3 minutes
16817,Telegram Post Reactions + Views | Always Stable | 200K/Day [ðŸ‘ŒðŸ»],33.3852,10,1 000 000,No Refill,2 minutes
16818,Telegram Post Reactions + Views | Always Stable | 200K/Day [â¤ï¸â€ðŸ”¥],33.3852,10,1 000 000,No Refill,3 minutes
16819,Telegram Post Reactions + Views | Always Stable | 200K/Day [ðŸ’¯],33.3852,10,1 000 000,No Refill,2 minutes
16820,Telegram Post Reactions + Views | Always Stable | 200K/Day [ðŸ˜],33.3852,10,1 000 000,No Refill,33 minutes
16821,Telegram Post Reactions + Views | Always Stable | 200K/Day [â¤ï¸],33.3852,10,1 000 000,No Refill,2 minutes
16822,Telegram Post Reactions + Views | Always Stable | 200K/Day [ðŸ”¥],33.3852,10,1 000 000,No Refill,2 minutes
16823,Telegram Post Reactions + Views | Always Stable | 200K/Day [ðŸŽ‰],33.3852,10,1 000 000,No Refill,2 minutes
16824,Telegram Post Reactions + Views | Always Stable | 200K/Day [ðŸ¤©],33.3852,10,1 000 000,No Refill,23 minutes
16825,Telegram Post Reactions + Views | Always Stable | 200K/Day [ðŸ˜±],33.3852,10,1 000 000,No Refill,22 minutes
16826,Telegram Post Reactions + Views | Always Stable | 200K/Day [ðŸ˜],33.3852,10,1 000 000,No Refill,11 minutes
16827,Telegram Post Reactions + Views | Always Stable | 200K/Day [ðŸ˜¢],33.3852,10,1 000 000,No Refill,2 minutes
16828,Telegram Post Reactions + Views | Always Stable | 200K/Day [ðŸ’©],33.3852,10,1 000 000,No Refill,2 hours 17 minutes
16829,Telegram Post Reactions + Views | Always Stable | 200K/Day [ðŸ¤®],33.3852,10,1 000 000,No Refill,55 minutes
16830,Telegram Post Reactions + Views | Always Stable | 200K/Day [ðŸ˜],33.3852,10,1 000 000,No Refill,11 minutes
16831,Telegram Post Reactions + Views | Always Stable | 200K/Day [ðŸ¾],33.3852,10,1 000 000,No Refill,7 minutes
16832,Telegram Post Reactions + Views | Always Stable | 200K/Day[ðŸ–•],33.3852,10,1 000 000,No Refill,3 minutes
16833,Telegram Post Reactions + Views | Always Stable | 200K/Day [ðŸ˜­],33.3852,10,1 000 000,No Refill,11 minutes
16834,Telegram Post Reactions + Views | Always Stable | 200K/Day [ðŸ‘»],33.3852,10,1 000 000,No Refill,11 minutes
16835,Telegram Post Reactions + Views | Always Stable | 200K/Day [ðŸ‘€],33.3852,10,1 000 000,No Refill,22 minutes
16836,Telegram Post Reactions + Views | Always Stable | 200K/Day [ðŸ¤],33.3852,10,1 000 000,No Refill,33 minutes
16837,Telegram Post Reactions + Views | Always Stable | 200K/Day [ðŸ—¿],33.3852,10,1 000 000,No Refill,23 minutes
16838,Telegram Post Reactions + Views | Always Stable | 200K/Day [ðŸ’Š],33.3852,10,1 000 000,No Refill,2 minutes
16839,Telegram Post Reactions + Views | Always Stable | 200K/Day [ðŸ¦„],33.3852,10,1 000 000,No Refill,11 minutes
5191,Telegram Views + Positive Reaction [ðŸ‘ðŸ¤©ðŸŽ‰ðŸ”¥â¤ï¸ðŸ¥°ðŸ‘ðŸ»] - [Max 1M] [Speed 5-10K/Day] [Instant],38.9494,10,1 000 000,No Refill,2 minutes
5192,Telegram Views + Negative Reaction [ðŸ‘ŽðŸ˜ðŸ˜¢ðŸ’©ðŸ¤®ðŸ¤”ðŸ¤¯ðŸ¤¬] - [Max 1M] [Speed 5-10K/Day] [Instant],38.9494,10,1 000 000,No Refill,2 minutes
15889,Telegram Views + Reaction [ðŸ¥°] - [Max 1M] [Speed 100K/Day] [INSTANT],11.1284,10,1 000 000,No Refill,8 hours 15 minutes
15890,Telegram Views + Reaction [ðŸ‘] - [Max 1M] [Speed 100K/Day] [INSTANT],11.1284,10,1 000 000,No Refill,7 hours 1 minute
5193,Telegram Views + Reaction [ðŸ‘] - [Max 1M] [Speed 100K/Day] [INSTANT],11.1284,10,1 000 000,No Refill,2 hours 32 minutes
15891,Telegram Views + Reaction [ðŸ¤”] - [Max 1M] [Speed 100K/Day] [INSTANT],11.1284,10,1 000 000,No Refill,22 minutes
5194,Telegram Views + Reaction [ðŸ‘Ž] - [Max 1M] [Speed 100K/Day] [INSTANT],11.1284,10,1 000 000,No Refill,45 minutes
15892,Telegram Views + Reaction [ðŸ¤¯] - [Max 1M] [Speed 100K/Day] [INSTANT],11.1284,10,1 000 000,No Refill,17 minutes
5195,Telegram Views + Reaction [â¤ï¸] - [Max 1M] [Speed 100K/Day] [INSTANT],11.1284,10,1 000 000,No Refill,3 hours 29 minutes
15893,Telegram Views + Reaction [ðŸ¤¬] - [Max 1M] [Speed 100K/Day] [INSTANT],11.1284,10,1 000 000,No Refill,7 hours 11 minutes
5196,Telegram Views + Reaction [ðŸ”¥] - [Max 1M] [Speed 100K/Day] [INSTANT],11.1284,10,1 000 000,No Refill,2 hours 51 minutes
15894,Telegram Views + Reaction [ðŸ¤©] - [Max 1M] [Speed 100K/Day] [INSTANT],11.1284,10,1 000 000,No Refill,4 hours 16 minutes
5197,Telegram Views + Reaction [ðŸŽ‰] - [Max 1M] [Speed 100K/Day] [INSTANT],11.1284,10,1 000 000,No Refill,2 hours 4 minutes
15895,Telegram Views + Reaction [ðŸ™] - [Max 1M] [Speed 100K/Day] [INSTANT],11.1284,10,1 000 000,No Refill,5 hours 1 minute
5198,Telegram Views + Reaction [ðŸ˜±] - [Max 1M] [Speed 100K/Day] [INSTANT],11.1284,10,1 000 000,No Refill,10 hours 7 minutes
15896,Telegram Views + Reaction [ðŸ¥´] - [Max 1M] [Speed 100K/Day] [INSTANT],11.1284,10,1 000 000,No Refill,22 minutes
5199,Telegram Views + Reaction [ðŸ˜] - [Max 1M] [Speed 100K/Day] [INSTANT],11.1284,10,1 000 000,No Refill,16 minutes
15897,Telegram Views + Reaction [ðŸŒš] - [Max 1M] [Speed 100K/Day] [INSTANT],11.1284,10,1 000 000,No Refill,11 minutes
5200,Telegram Views + Reaction [ðŸ˜¢] - [Max 1M] [Speed 100K/Day] [INSTANT],11.1284,10,1 000 000,No Refill,7 hours 47 minutes
15898,Telegram Views + Reaction [ðŸŒ­] - [Max 1M] [Speed 100K/Day] [INSTANT],11.1284,10,1 000 000,No Refill,23 minutes
5201,Telegram Views + Reaction [ðŸ’©] - [Max 1M] [Speed 100K/Day] [INSTANT],11.1284,10,1 000 000,No Refill,4 hours 6 minutes
15899,Telegram Views + Reaction [ðŸ¥±] - [Max 1M] [Speed 100K/Day] [INSTANT],11.1284,10,1 000 000,No Refill,22 minutes
5202,Telegram Views + Reaction [ðŸ¤®] - [Max 1M] [Speed 100K/Day] [INSTANT],11.1284,10,1 000 000,No Refill,3 hours 19 minutes
15900,Telegram Views + Reaction [ðŸ˜‚] - [Max 1M] [Speed 100K/Day] [INSTANT],11.1284,10,1 000 000,No Refill,22 minutes
8508,Telegram Views + Reaction [ðŸ‘ŒðŸ»] - [Max 1M] [Speed 100K/Day] [INSTANT],11.1284,10,1 000 000,No Refill,4 hours 39 minutes
15901,Telegram Views + Reaction [ðŸ“] - [Max 1M] [Speed 100K/Day] [INSTANT],11.1284,10,1 000 000,No Refill,4 hours 7 minutes
8509,Telegram Views + Reaction [â¤ï¸â€ðŸ”¥] - [Max 1M] [Speed 100K/Day] [INSTANT],11.1284,10,1 000 000,No Refill,4 hours 30 minutes
15902,Telegram Views + Reaction [ðŸ’‹] - [Max 1M] [Speed 100K/Day] [INSTANT],11.1284,10,1 000 000,No Refill,5 hours 24 minutes
8498,Telegram Views + Reaction [ðŸ¤£] - [Max 1M] [Speed 100K/Day] [INSTANT],11.1284,10,1 000 000,No Refill,48 minutes
15903,Telegram Views + Reaction [ðŸ˜ˆ] - [Max 1M] [Speed 100K/Day] [INSTANT],11.1284,10,1 000 000,No Refill,4 hours 51 minutes
8516,Telegram Views + Reaction [ðŸ˜­] - [Max 1M] [Speed 100K/Day] [INSTANT],11.1284,10,1 000 000,No Refill,33 minutes
15904,Telegram Views + Reaction [ðŸ˜¡] - [Max 1M] [Speed 100K/Day] [INSTANT],11.1284,10,1 000 000,No Refill,17 minutes
8502,Telegram Views + Reaction [ðŸ˜±] - [Max 1M] [Speed 100K/Day] [INSTANT],11.1284,10,1 000 000,No Refill,16 minutes
15905,Telegram Views + Reaction [ðŸ˜´] - [Max 1M] [Speed 100K/Day] [INSTANT],11.1284,10,1 000 000,No Refill,23 minutes
8511,Telegram Views + Reaction [ðŸ˜] - [Max 1M] [Speed 100K/Day] [INSTANT],11.1284,10,1 000 000,No Refill,1 hour 47 minutes
15906,Telegram Views + Reaction [ðŸ˜­] - [Max 1M] [Speed 100K/Day] [INSTANT],11.1284,10,1 000 000,No Refill,17 minutes
8510,Telegram Views + Reaction [ðŸ’¯] - [Max 1M] [Speed 100K/Day] [INSTANT],11.1284,10,1 000 000,No Refill,27 minutes
15907,Telegram Views + Reaction [ðŸ¤“] - [Max 1M] [Speed 100K/Day] [INSTANT],11.1284,10,1 000 000,No Refill,17 minutes
8501,Telegram Views + Reaction [ðŸ³] - [Max 1M] [Speed 100K/Day] [INSTANT],11.1284,10,1 000 000,No Refill,5 hours 12 minutes
15908,Telegram Views + Reaction [ðŸ‘¨â€ðŸ’»] - [Max 1M] [Speed 100K/Day] [INSTANT],11.1284,10,1 000 000,No Refill,16 minutes
8499,Telegram Views + Reaction [ðŸ¤¡] - [Max 1M] [Speed 100K/Day] [INSTANT],11.1284,10,1 000 000,No Refill,1 hour
15909,Telegram Views + Reaction [ðŸ¤·â€â™€ï¸] - [Max 1M] [Speed 100K/Day] [INSTANT],11.1284,10,1 000 000,No Refill,55 minutes
8500,Telegram Views + Reaction [ðŸ•Š] - [Max 1M] [Speed 100K/Day] [INSTANT],11.1284,10,1 000 000,No Refill,3 hours 58 minutes
15910,Telegram Views + Reaction [ðŸŽƒ] - [Max 1M] [Speed 100K/Day] [INSTANT],11.1284,10,1 000 000,No Refill,33 minutes
8505,Telegram Views + Reaction [âš¡ï¸] - [Max 1M] [Speed 100K/Day] [INSTANT],11.1284,10,1 000 000,No Refill,1 hour 18 minutes
15911,Telegram Views + Reaction [ðŸ™ˆ] - [Max 1M] [Speed 100K/Day] [INSTANT],11.1284,10,1 000 000,No Refill,33 minutes
8506,Telegram Views + Reaction [ðŸŒ] - [Max 1M] [Speed 100K/Day] [INSTANT],11.1284,10,1 000 000,No Refill,3 hours 24 minutes
15912,Telegram Views + Reaction [ðŸ«¡] - [Max 1M] [Speed 100K/Day] [INSTANT],11.1284,10,1 000 000,No Refill,1 hour 2 minutes
8507,Telegram Views + Reaction [ðŸ†] - [Max 1M] [Speed 100K/Day] [INSTANT],11.1284,10,1 000 000,No Refill,55 minutes
15913,Telegram Views + Reaction [ðŸ˜‡] - [Max 1M] [Speed 100K/Day] [INSTANT],11.1284,10,1 000 000,No Refill,22 minutes
8512,Telegram Views + Reaction [ðŸ˜±] - [Max 1M] [Speed 100K/Day] [INSTANT],11.1284,10,1 000 000,No Refill,17 minutes
15914,Telegram Views + Reaction [ðŸ¤·] - [Max 1M] [Speed 100K/Day] [INSTANT],11.1284,10,1 000 000,No Refill,17 minutes
8513,Telegram Views + Reaction [ðŸ˜] - [Max 1M] [Speed 100K/Day] [INSTANT],11.1284,10,100 000,No Refill,22 minutes
15915,Telegram Views + Reaction [ðŸ˜¨] - [Max 1M] [Speed 100K/Day] [INSTANT],11.1284,10,1 000 000,No Refill,17 minutes
8518,Telegram Views + Reaction [ðŸ‘€] - [Max 1M] [Speed 100K/Day] [INSTANT],11.1284,10,1 000 000,No Refill,55 minutes
15916,Telegram Views + Reaction [âœï¸] - [Max 1M] [Speed 100K/Day] [INSTANT],11.1284,10,1 000 000,No Refill,55 minutes
8519,Telegram Views + Reaction [ðŸ¤] - [Max 1M] [Speed 100K/Day] [INSTANT],11.1284,10,1 000 000,No Refill,2 hours 57 minutes
15917,Telegram Views + Reaction [ðŸ¤—] - [Max 1M] [Speed 100K/Day] [INSTANT],11.1284,10,1 000 000,No Refill,1 hour 25 minutes
8521,Telegram Views + Reaction [ðŸ’Š] - [Max 1M] [Speed 100K/Day] [INSTANT],11.1284,10,1 000 000,No Refill,1 hour 19 minutes
15918,Telegram Views + Reaction [ðŸŽ…] - [Max 1M] [Speed 100K/Day] [INSTANT],11.1284,10,1 000 000,No Refill,55 minutes
8514,Telegram Views + Reaction [ðŸ¾] - [Max 1M] [Speed 100K/Day] [INSTANT],11.1284,10,1 000 000,No Refill,1 hour 8 minutes
15919,Telegram Views + Reaction [ðŸ¤·â€â™‚ï¸] - [Max 1M] [Speed 100K/Day] [INSTANT],11.1284,10,1 000 000,No Refill,22 minutes
8515,Telegram Views + Reaction [ðŸ–•] - [Max 1M] [Speed 100K/Day] [INSTANT],11.1284,10,1 000 000,No Refill,17 minutes
15920,Telegram Views + Reaction [ðŸŽ„] - [Max 1M] [Speed 100K/Day] [INSTANT],11.1284,10,1 000 000,No Refill,17 minutes
8517,Telegram Views + Reaction [ðŸ‘»] - [Max 1M] [Speed 100K/Day] [INSTANT],11.1284,10,1 000 000,No Refill,33 minutes
15921,Telegram Views + Reaction [â˜ƒï¸] - [Max 1M] [Speed 100K/Day] [INSTANT],11.1284,10,1 000 000,No Refill,55 minutes
8520,Telegram Views + Reaction [ðŸ—¿] - [Max 1M] [Speed 100K/Day] [INSTANT],11.1284,10,1 000 000,No Refill,17 minutes
15922,Telegram Views + Reaction [ðŸ’…] - [Max 1M] [Speed 100K/Day] [INSTANT],11.1284,10,1 000 000,No Refill,23 minutes
8522,Telegram Views + Reaction [ðŸ¦„] - [Max 1M] [Speed 100K/Day] [INSTANT],11.1284,10,1 000 000,No Refill,1 hour 29 minutes
15923,Telegram Views + Reaction [ðŸ¤ª] - [Max 1M] [Speed 100K/Day] [INSTANT],11.1284,10,1 000 000,No Refill,55 minutes
15924,Telegram Views + Reaction [ðŸ‘¾] - [Max 1M] [Speed 100K/Day] [INSTANT],11.1284,10,1 000 000,No Refill,16 minutes
15925,Telegram Views + Reaction [ðŸ†’] - [Max 1M] [Speed 100K/Day] [INSTANT],11.1284,10,1 000 000,No Refill,16 minutes
15926,Telegram Views + Reaction [ðŸ’˜] - [Max 1M] [Speed 100K/Day] [INSTANT],11.1284,10,1 000 000,No Refill,3 hours 39 minutes
15927,Telegram Views + Reaction [ðŸ™‰] - [Max 1M] [Speed 100K/Day] [INSTANT],11.1284,10,1 000 000,No Refill,11 minutes
15928,Telegram Views + Reaction [ðŸ˜˜] - [Max 1M] [Speed 100K/Day] [INSTANT],11.1284,10,1 000 000,No Refill,1 hour 9 minutes
15929,Telegram Views + Reaction [ðŸ˜Ž] - [Max 1M] [Speed 100K/Day] [INSTANT],11.1284,10,1 000 000,No Refill,11 minutes
15930,Telegram Views + Reaction [ðŸ™Š] - [Max 1M] [Speed 100K/Day] [INSTANT],11.1284,10,1 000 000,No Refill,22 minutes
15931,Telegram Views + Reaction [â¤ï¸â€ðŸ”¥] - [Max 1M] [Speed 100K/Day] [INSTANT],11.1284,10,1 000 000,No Refill,4 hours 19 minutes
16842,Telegram Auto Mixed Positive Reactions + Views ðŸ‘ â¤ï¸ ðŸ”¥ ðŸŽ‰ ðŸ˜ [ 10 Future Posts ],489.6496,20,2 000 000,No Refill,1 minute
16843,Telegram Auto Mixed Negative Reactions + Views ðŸ‘Ž ðŸ˜± ðŸ’© ðŸ˜¢ ðŸ¤® [ 10 Future Posts ],489.6496,20,2 000 000,No Refill,17 minutes
16844,Telegram Auto Mixed Positive Reactions + Views ðŸ‘ â¤ï¸ ðŸ”¥ ðŸŽ‰ ðŸ˜ [ 30 Future Posts ],1468.9488,20,2 000 000,No Refill,1 minute
16845,Telegram Auto Mixed Positive Reactions + Views ðŸ‘ â¤ï¸ ðŸ”¥ ðŸŽ‰ ðŸ˜ [ 50 Future Posts ],2448.248,20,2 000 000,No Refill,1 minute
16846,Telegram Auto Mixed Negative Reactions + Views ðŸ‘Ž ðŸ˜± ðŸ’© ðŸ˜¢ ðŸ¤® [ 50 Future Posts ],2448.248,20,2 000 000,No Refill,55 minutes
16847,Telegram Auto Mixed Positive Reactions + Views ðŸ‘ â¤ï¸ ðŸ”¥ ðŸŽ‰ ðŸ˜ [ 500 Future Posts ],24482.48,20,2 000 000,No Refill,1 minute
16848,Telegram Auto Mixed Negative Reactions + ViewsðŸ‘Ž ðŸ˜± ðŸ’© ðŸ˜¢ ðŸ¤® [ 500 Future Posts ],24482.48,20,2 000 000,No Refill,1 minute
9249,Telegram Premium Positive Reactions + Views [ðŸ¤©ðŸŽ‰ðŸ”¥â¤ï¸ðŸ¥°ðŸ‘ðŸ»ðŸ‘] [ No Refill ] [ 0-1HR ],55.642,2,50 000,No Refill,31 minutes
9250,Telegram Premium Negativee Reactions + Views [ðŸ‘ŽðŸ˜ðŸ˜¢ðŸ’©ðŸ¤®ðŸ¤”ðŸ¤¯ðŸ¤¬] [ No Refill ] [ 0-1HR ],55.642,2,50 000,No Refill,22 minutes
16851,Telegram Premium Positive Reactions + Views ðŸ‘â¤ï¸ðŸ”¥ðŸ˜ [ Super Fast ] [ Non-Drop ] [ INSTANT ],612.062,10,50 000,No Refill,3 minutes
16852,Telegram Premium Negative Reactions + Views ðŸ‘ŽðŸ˜±ðŸ˜¢ðŸ’© [ Super Fast ] [ Non-Drop ] [ INSTANT ],612.062,10,50 000,No Refill,17 minutes
9251,Telegram Premium Reactions + Views - [ðŸ‘] [ No Refill ] [ 0-1HR ],44.5136,2,1 000 000,No Refill,17 minutes
9252,Telegram Premium Reactions + Views - [ðŸ‘Ž] [ No Refill ] [ 0-1HR ],44.5136,2,1 000 000,No Refill,7 hours 18 minutes
9253,Telegram Premium Reactions + Views - [â¤ï¸â€ðŸ”¥] [ No Refill ] [ 0-1HR ],44.5136,2,1 000 000,No Refill,4 hours 20 minutes
9255,Telegram Premium Reactions + Views - [ðŸ’¯] [ No Refill ] [ 0-1HR ],44.5136,2,1 000 000,No Refill,53 minutes
9257,Telegram Premium Reactions + Views - [ðŸ³] [ No Refill ] [ 0-1HR ],44.5136,2,1 000 000,No Refill,22 minutes
9254,Telegram Premium Reactions + Views - [ðŸ†] [ No Refill ] [ 0-1HR ],44.5136,2,1 000 000,No Refill,34 minutes
9256,Telegram Premium Reactions + Views - [ðŸ¦„] [ No Refill ] [ 0-1HR ],44.5136,2,1 000 000,No Refill,11 minutes
9258,Telegram Premium Reactions + Views - [ðŸ•Š] [ No Refill ] [ 0-1HR ],44.5136,2,1 000 000,No Refill,11 minutes
9259,Telegram Premium Reactions + Views - [ðŸ¤¡] [ No Refill ] [ 0-1HR ],44.5136,2,1 000 000,No Refill,11 minutes
16849,Telegram Premium Reactions + Views - [ðŸŒ] [ No Refill ] [ 0-1HR ],44.5136,2,1 000 000,No Refill,33 minutes
16850,Telegram Premium Reactions + Views - [ðŸ–•] [ No Refill ] [ 0-1HR ],44.5136,2,1 000 000,No Refill,55 minutes
11331,Telegram Story Views | WorldWide | Speed 50K/Day | INSTANT,66.7704,10,150 000,No Refill,22 minutes
8914,Telegram Organic Story Views [ HQ StatsðŸ“Š ] | Speed 100K/Day | 0-5 Mins,83.463,10,1 000 000,No Refill,55 minutes
16797,Telegram Story Views [ ðð«ðžð¦ð¢ð®ð¦ ð€ðœðœð¨ð®ð§ð­ð¬ ] Speed 20K/Day | 0-5 Mins,133.5408,10,1 000 000,No Refill,11 minutes
16795,Telegram Story Likes | WorldWide | Speed 20K/Day | INSTANT,600.9336,10,100 000,No Refill,16 minutes
16794,Telegram Story Shares | WorldWide | Speed 20K/Day | INSTANT,3338.52,10,100 000,No Refill,22 minutes
16796,Telegram Organic Story Views + Likes + Shares + #Hashtags [ Hashtag Trending ðŸ“Š ] | Speed 30K/Day | 0-5 Mins,667.704,10,100 000,No Refill,23 minutes
8915,Telegram Story Views [ China ðŸ‡¨ðŸ‡³ ] | Real StatsðŸ“Š | Speed 100K/Day | INSTANT,133.5408,10,10 000 000,No Refill,11 minutes
8917,Telegram Story Views [ Israel ðŸ‡®ðŸ‡± ] | Real StatsðŸ“Š | Speed 100K/Day | INSTANT,133.5408,10,1 000 000,No Refill,17 minutes
8918,Telegram Story Views [ ARAB ðŸ‡¸ðŸ‡¦ ] | Real StatsðŸ“Š | Speed 100K/Day | INSTANT,133.5408,10,1 000 000,No Refill,55 minutes
8919,Telegram Story Views [ India ðŸ‡®ðŸ‡³ ] | Real StatsðŸ“Š | Speed 100K/Day | INSTANT,133.5408,10,1 000 000,No Refill,22 minutes
8920,Telegram Story Views [ Russia ðŸ‡·ðŸ‡º ] | Real StatsðŸ“Š | Speed 100K/Day | INSTANT,133.5408,10,1 000 000,No Refill,55 minutes
8921,Telegram Story Views [ USA ðŸ‡ºðŸ‡¸ ] | Real StatsðŸ“Š | Speed 100K/Day | INSTANT,133.5408,10,1 000 000,No Refill,23 minutes
17234,Telegram Bot Start | WorldWide Mixed ðŸŒŽ | Referral Code Accepted ðŸŒŽðŸ” | Speed 10K/Day | 0-15 Mins,66.7704,10,100 000,No Refill,2 hours 7 minutes
8539,Telegram Bot Start | WorldWide Mixed ðŸŒŽ | Referral Code Accepted ðŸŒŽðŸ” | Speed 100K/Day | 0-15 Mins,127.9766,50,1 000 000,No Refill,5 minutes
17233,Telegram Bot Start | WorldWide Mixed ðŸŒŽ | ð’ð­ðšð­ð¬ ð…ð«ð¨ð¦ ð’ðžðšð«ðœð¡ | Speed 50K/Day | 0-15 Mins,267.0816,50,1 000 000,No Refill,22 minutes
17231,Telegram Bot Start | ðŸðŸ“ ðŒð¢ð±ðžð ð‚ð¨ð®ð§ð­ð«ð² ð’ð­ðšð­ð¬ | Referral Code Accepted ðŸŒŽðŸ” | Speed 100K/Day | 0-15 Mins,133.5408,20,1 000 000,No Refill,23 minutes
8546,Telegram Bot Start | UK ðŸ‡¬ðŸ‡§ | Referral Code Accepted ðŸŒŽðŸ” | Speed 100K/Day | 0-15 Mins,233.6964,15,1 000 000,No Refill,16 minutes
17232,Telegram Bot Start | USA ðŸ‡ºðŸ‡¸ | Referral Code Accepted ðŸŒŽðŸ” | Speed 100K/Day | 0-15 Mins,233.6964,15,1 000 000,No Refill,3 minutes
8540,Telegram Bot Start | Ukraine ðŸ‡ºðŸ‡¦ | Referral Code Accepted ðŸŒŽðŸ” | Speed 100K/Day | 0-15 Mins,127.9766,50,100 000,No Refill,11 minutes
8541,Telegram Bot Start | China ðŸ‡¨ðŸ‡³ | Referral Code Accepted ðŸŒŽðŸ” | Speed 100K/Day | 0-15 Mins,127.9766,50,100 000,No Refill,3 minutes
8542,Telegram Bot Start | Israel ðŸ‡®ðŸ‡± | Referral Code Accepted ðŸŒŽðŸ” | Speed 100K/Day | 0-15 Mins,127.9766,50,100 000,No Refill,2 minutes
8543,Telegram Bot Start | Arab ðŸ‡¸ðŸ‡¦ | Referral Code Accepted ðŸŒŽðŸ” | Speed 100K/Day | 0-15 Mins,127.9766,50,100 000,No Refill,2 minutes
8544,Telegram Bot Start | India ðŸ‡®ðŸ‡³ | Referral Code Accepted ðŸŒŽðŸ” | Speed 100K/Day | 0-15 Mins,127.9766,50,100 000,No Refill,2 minutes
8545,Telegram Bot Start | Russia ðŸ‡·ðŸ‡º | Referral Code Accepted ðŸŒŽðŸ” | Speed 100K/Day | 0-15 Mins,127.9766,50,100 000,No Refill,13 minutes
8547,Telegram Bot Start | Turkey ðŸ‡¹ðŸ‡· | Referral Code Accepted ðŸŒŽðŸ” | Speed 100K/Day | 0-15 Mins,127.9766,50,100 000,No Refill,55 minutes
8548,Telegram Bot Start | Germany ðŸ‡©ðŸ‡ª | Referral Code Accepted ðŸŒŽðŸ” | Speed 100K/Day | 0-15 Mins,127.9766,50,100 000,No Refill,33 minutes
8549,Telegram Bot Start | Italy ðŸ‡®ðŸ‡¹ | Referral Code Accepted ðŸŒŽðŸ” | Speed 100K/Day | 0-15 Mins,127.9766,50,10 000,No Refill,23 minutes
17235,Telegram Regular Bot Start [ ðŸ¤– Smart AI Keyword Finder & Search ],255.9532,10,1 000 000,No Refill,3 minutes
17236,Telegram Premium Bot Start [ ðŸ¤– Smart AI Keyword Finder & Search ],3138.2088,10,500 000,No Refill,22 minutes
17237,Telegram Regular Bot Start [ ðŸ¤– Smart AI Keyword Finder & Search ] Russia ðŸ‡·ðŸ‡º,322.7236,10,100 000,No Refill,33 minutes
17238,Telegram Premium Bot Start [ ðŸ¤– Smart AI Keyword Finder & Search ] Russia ðŸ‡·ðŸ‡º,3199.415,10,50 000,No Refill,17 minutes
17239,Telegram Regular Bot Start [ ðŸ¤– Smart AI Keyword Finder & Search ] China ðŸ‡¨ðŸ‡³,322.7236,10,100 000,No Refill,23 minutes
17240,Telegram Premium Bot Start [ ðŸ¤– Smart AI Keyword Finder & Search ] ChinaðŸ‡¨ðŸ‡³,3199.415,10,50 000,No Refill,17 minutes
17241,Telegram Regular Bot Start [ ðŸ¤– Smart AI Keyword Finder & Search ] USA ðŸ‡ºðŸ‡¸,322.7236,10,100 000,No Refill,22 minutes
17242,Telegram Premium Bot Start [ ðŸ¤– Smart AI Keyword Finder & Search ] USA ðŸ‡ºðŸ‡¸,3199.415,10,50 000,No Refill,17 minutes
17243,Telegram Regular Bot Start [ ðŸ¤– Smart AI Keyword Finder & Search ] Ukraine ðŸ‡ºðŸ‡¦,322.7236,10,100 000,No Refill,16 minutes
17244,Telegram Premium Bot Start [ ðŸ¤– Smart AI Keyword Finder & Search ] Ukraine ðŸ‡ºðŸ‡¦,3199.415,10,50 000,No Refill,23 minutes
17245,Telegram Regular Bot Start [ ðŸ¤– Smart AI Keyword Finder & Search ] Uzbekistan ðŸ‡ºðŸ‡¿,322.7236,10,100 000,No Refill,33 minutes
17246,Telegram Premium Bot Start [ ðŸ¤– Smart AI Keyword Finder & Search ] Uzbekistan ðŸ‡ºðŸ‡¿,3199.415,10,50 000,No Refill,55 minutes
17247,Telegram Regular Bot Start [ ðŸ¤– Smart AI Keyword Finder & Search ] Israel ðŸ‡®ðŸ‡±,322.7236,10,100 000,No Refill,4 minutes
17248,Telegram Premium Bot Start [ ðŸ¤– Smart AI Keyword Finder & Search ] Israel ðŸ‡®ðŸ‡±,3199.415,10,50 000,No Refill,2 minutes
17249,Telegram Regular Bot Start [ ðŸ¤– Smart AI Keyword Finder & Search ] India ðŸ‡®ðŸ‡³,322.7236,10,100 000,No Refill,17 minutes
17250,Telegram Premium Bot Start [ ðŸ¤– Smart AI Keyword Finder & Search ] India ðŸ‡®ðŸ‡³,3199.415,10,50 000,No Refill,23 minutes
17251,Telegram Regular Bot Start [ ðŸ¤– Smart AI Keyword Finder & Search ] Turkey ðŸ‡¹ðŸ‡·,322.7236,10,100 000,No Refill,22 minutes
17252,Telegram Premium Bot Start [ ðŸ¤– Smart AI Keyword Finder & Search ] Turkey ðŸ‡¹ðŸ‡·,3199.415,10,50 000,No Refill,11 minutes
17253,Telegram Regular Bot Start [ ðŸ¤– Smart AI Keyword Finder & Search ] Arab ðŸ‡¸ðŸ‡¦,322.7236,10,100 000,No Refill,22 minutes
17254,Telegram Premium Bot Start [ ðŸ¤– Smart AI Keyword Finder & Search ] Arab ðŸ‡¸ðŸ‡¦,3199.415,10,50 000,No Refill,16 minutes
17255,Telegram Premium Bot Start [ ðŸ¤– Smart AI Keyword Finder & Search ] UK ðŸ‡¬ðŸ‡§,3199.415,100,50 000,No Refill,16 minutes
17256,Telegram Premium Bot Start [ ðŸ¤– Smart AI Keyword Finder & Search ] Indonesia ðŸ‡®ðŸ‡©,3199.415,100,50 000,No Refill,23 minutes
17257,Telegram Premium Bot Start [ ðŸ¤– Smart AI Keyword Finder & Search ] Philippine ðŸ‡µðŸ‡­,3199.415,100,50 000,No Refill,22 minutes
17258,Telegram Premium Bot Start [ ðŸ¤– Smart AI Keyword Finder & Search ] Germany ðŸ‡©ðŸ‡ª,3199.415,100,50 000,No Refill,16 minutes
11585,Telegram Premium Bot Start | 30 Days + Activity | Non-Drop | ð“ð¨ð© ð€ðœðœð¨ð®ð§ð­ð¬ | Speed 50K/Day,3004.668,1,30 000,No Refill,6 minutes
17259,Telegram Premium Bot Start | 30 Days + No Activity | Non-Drop | ð“ð¨ð© ð€ðœðœð¨ð®ð§ð­ð¬ | Speed 50K/Day,2336.964,1,30 000,No Refill,33 minutes
11586,Telegram Premium Bot Start | ð‘ðžðšð¥ ð’ð­ðšð­ð¬ | 90 Days | Referral Code Accepted ðŸŒŽðŸ” | 30K/Day | INSTANT,1997.5478,100,200 000,90 Days Refill,11 minutes
17266,Telegram Premium ððŽð“ ð’ð“ð€ð‘ð“ + ððŽ ð€ð‚ð“ðˆð•ðˆð“ð˜ | 30 Days | Referral Code Accepted ðŸŒŽðŸ” | 15K/Day | INSTANT,1441.1278,100,20 000,30 Days Refill,11 minutes
17267,Telegram Premium ððŽð“ ð’ð“ð€ð‘ð“ + ððŽ ð€ð‚ð“ðˆð•ðˆð“ð˜ | 90 Days | Referral Code Accepted ðŸŒŽðŸ” | 15K/Day | INSTANT,2882.2556,100,30 000,90 Days Refill,17 minutes
17263,Telegram Premium ððŽð“ ð’ð“ð€ð‘ð“ + ð€ð‚ð“ðˆð•ðˆð“ð˜ | 30 Days | Referral Code Accepted ðŸŒŽðŸ” | 15K/Day | INSTANT,2303.5788,10,20 000,30 Days Refill,22 minutes
17265,Telegram Premium ððŽð“ ð’ð“ð€ð‘ð“ + ð€ð‚ð“ðˆð•ðˆð“ð˜ | 60 Days | Referral Code Accepted ðŸŒŽðŸ” | 15K/Day | INSTANT,2882.2556,10,20 000,60 Days Refill,22 minutes
5238,Telegram Post Shares | Low Quality | Max 500K | Speed 50K/Day | 0-1HR,11.1284,2,500 000,No Refill,9 hours 4 minutes
17284,Telegram Post Shares | Fake | Max 500K | Speed 30K/Day | INSTANT,22.2568,10,1 000 000,No Refill,2 minutes
5239,Telegram Post Shares | ðŒð¢ð±ðžð ð‚ð¨ð®ð§ð­ð«ð¢ðžð¬ | ðŸ‡®ðŸ‡± ðŸ‡¨ðŸ‡³ ðŸ‡¸ðŸ‡¦ ðŸ‡¦ðŸ‡ª ðŸ‡®ðŸ‡³ ðŸ‡·ðŸ‡º ðŸ‡ºðŸ‡¸ ðŸ‡©ðŸ‡ª ðŸ‡¹ðŸ‡· ðŸ‡°ðŸ‡· | HQ Static ðŸ“Š | Speed 100-200K/Day | INSTANT,55.642,10,500 000,No Refill,33 minutes
17285,Telegram Post Shares | ðŒð¢ð±ðžð ð‚ð¨ð®ð§ð­ð«ð¢ðžð¬ HQ Static ðŸ“Š | Speed 50K/Day | INSTANT,27.821,10,300 000,No Refill,33 minutes
5241,Telegram Post Shares | USA ðŸ‡ºðŸ‡¸ | ð‘ðžðšð¥ ð’ð­ðšð­ð¬ ðŸ“Š | Speed 100-200K/Day | INSTANT,27.821,10,100 000,No Refill,16 minutes
5240,Telegram Post Shares | Germany ðŸ‡©ðŸ‡ª | ð‘ðžðšð¥ ð’ð­ðšð­ð¬ ðŸ“Š | Speed 100-200K/Day | INSTANT,27.821,10,100 000,No Refill,17 minutes
5243,Telegram Post Shares | India ðŸ‡®ðŸ‡³ | ð‘ðžðšð¥ ð’ð­ðšð­ð¬ ðŸ“Š | Speed 100-200K/Day | INSTANT,27.821,10,1 000 000,No Refill,3 minutes
8534,Telegram Post Shares | Italy ðŸ‡®ðŸ‡¹ | ð‘ðžðšð¥ ð’ð­ðšð­ð¬ ðŸ“Š | Speed 100-200K/Day | INSTANT,27.821,10,100 000,No Refill,22 minutes
5247,Telegram Post Shares | Turkey ðŸ‡¹ðŸ‡· | ð‘ðžðšð¥ ð’ð­ðšð­ð¬ ðŸ“Š | Speed 100-200K/Day | INSTANT,27.821,10,100 000,No Refill,16 minutes
5246,Telegram Post Shares | Israel ðŸ‡®ðŸ‡± | ð‘ðžðšð¥ ð’ð­ðšð­ð¬ ðŸ“Š | Speed 100-200K/Day | INSTANT,27.821,10,100 000,No Refill,33 minutes
17286,Telegram Post Shares | Indonesia ðŸ‡®ðŸ‡© | ð‘ðžðšð¥ ð’ð­ðšð­ð¬ ðŸ“Š | Speed 100-200K/Day | INSTANT,27.821,10,100 000,No Refill,55 minutes
5248,Telegram Post Shares | China ðŸ‡¨ðŸ‡³ | ð‘ðžðšð¥ ð’ð­ðšð­ð¬ ðŸ“Š | Speed 100-200K/Day | INSTANT,27.821,10,100 000,No Refill,55 minutes
17287,Telegram Post Shares | Russia ðŸ‡·ðŸ‡º | ð‘ðžðšð¥ ð’ð­ðšð­ð¬ ðŸ“Š | Speed 100-200K/Day | INSTANT,27.821,10,100 000,No Refill,4 minutes
5244,Telegram Post Shares | Arab ðŸ‡¸ðŸ‡¦ | ð‘ðžðšð¥ ð’ð­ðšð­ð¬ ðŸ“Š | Speed 100-200K/Day | INSTANT,27.821,10,100 000,No Refill,16 minutes
17288,Telegram Auto Post Shares ðŸ“Š | ð…ð®ð­ð®ð«ðž + ðŽð¥ð ðð¨ð¬ð­ð¬ | WorldWide ðŸŒŽ | ð‘ðžðšð¥ ð’ð­ðšð­ð¬ | Speed 100K/Day | INSTANT,27.821,10,500 000,No Refill,9 minutes
17289,Telegram Auto Post Shares ðŸ“Š | ð…ð®ð­ð®ð«ðž + ðŽð¥ð ðð¨ð¬ð­ð¬ | Arab ðŸ‡¸ðŸ‡¦ | ð‘ðžðšð¥ ð’ð­ðšð­ð¬ | Speed 100K/Day | INSTANT,27.821,10,500 000,No Refill,2 minutes
17290,Telegram Auto Post Shares ðŸ“Š | ð…ð®ð­ð®ð«ðž + ðŽð¥ð ðð¨ð¬ð­ð¬ | China ðŸ‡¨ðŸ‡³ | ð‘ðžðšð¥ ð’ð­ðšð­ð¬ | Speed 100K/Day | INSTANT,27.821,100,500 000,No Refill,4 minutes
17291,Telegram Auto Post Shares ðŸ“Š | ð…ð®ð­ð®ð«ðž + ðŽð¥ð ðð¨ð¬ð­ð¬ | India ðŸ‡®ðŸ‡³ | ð‘ðžðšð¥ ð’ð­ðšð­ð¬ | Speed 100K/Day | INSTANT,27.821,100,500 000,No Refill,55 minutes
17292,Telegram Auto Post Shares ðŸ“Š | ð…ð®ð­ð®ð«ðž + ðŽð¥ð ðð¨ð¬ð­ð¬ | Russia ðŸ‡·ðŸ‡º | ð‘ðžðšð¥ ð’ð­ðšð­ð¬ | Speed 100K/Day | INSTANT,27.821,100,500 000,No Refill,16 minutes
17293,Telegram Auto Post Shares ðŸ“Š | ð…ð®ð­ð®ð«ðž + ðŽð¥ð ðð¨ð¬ð­ð¬ | USA ðŸ‡ºðŸ‡¸ | ð‘ðžðšð¥ ð’ð­ðšð­ð¬ | Speed 100K/Day | INSTANT,27.821,100,500 000,No Refill,3 minutes
17294,Telegram Auto Post Shares ðŸ“Š | ð…ð®ð­ð®ð«ðž + ðŽð¥ð ðð¨ð¬ð­ð¬ | Uzbekistan ðŸ‡ºðŸ‡¿ | ð‘ðžðšð¥ ð’ð­ðšð­ð¬ | Speed 100K/Day | INSTANT,27.821,100,500 000,No Refill,16 minutes
17295,Telegram Auto Post Shares ðŸ“Š | ð…ð®ð­ð®ð«ðž + ðŽð¥ð ðð¨ð¬ð­ð¬ | Kazakhstan ðŸ‡°ðŸ‡¿ | ð‘ðžðšð¥ ð’ð­ðšð­ð¬ | Speed 100K/Day | INSTANT,27.821,100,500 000,No Refill,16 minutes
17296,Telegram Auto Post Shares ðŸ“Š | ð…ð®ð­ð®ð«ðž + ðŽð¥ð ðð¨ð¬ð­ð¬ | Ukraine ðŸ‡ºðŸ‡¦ | ð‘ðžðšð¥ ð’ð­ðšð­ð¬ | Speed 100K/Day | INSTANT,27.821,100,500 000,No Refill,20 minutes
17297,Telegram Auto Post Shares ðŸ“Š | ð…ð®ð­ð®ð«ðž + ðŽð¥ð ðð¨ð¬ð­ð¬ | italy ðŸ‡®ðŸ‡¹ | ð‘ðžðšð¥ ð’ð­ðšð­ð¬ | Speed 100K/Day | INSTANT,27.821,100,500 000,No Refill,11 minutes
17298,Telegram Auto Post Shares ðŸ“Š | ð…ð®ð­ð®ð«ðž + ðŽð¥ð ðð¨ð¬ð­ð¬ | Indonesia ðŸ‡®ðŸ‡© | ð‘ðžðšð¥ ð’ð­ðšð­ð¬ | Speed 100K/Day | INSTANT,27.821,100,500 000,No Refill,23 minutes
17299,Telegram Auto Post Shares ðŸ“Š | ð…ð®ð­ð®ð«ðž + ðŽð¥ð ðð¨ð¬ð­ð¬ | Israel ðŸ‡®ðŸ‡± | ð‘ðžðšð¥ ð’ð­ðšð­ð¬ | Speed 100K/Day | INSTANT,27.821,100,500 000,No Refill,11 minutes
17300,Telegram Auto Post Shares ðŸ“Š | ð…ð®ð­ð®ð«ðž + ðŽð¥ð ðð¨ð¬ð­ð¬ | Turkey ðŸ‡¹ðŸ‡· | ð‘ðžðšð¥ ð’ð­ðšð­ð¬ | Speed 100K/Day | INSTANT,27.821,100,500 000,No Refill,17 minutes
17301,Telegram Auto Post Shares ðŸ“Š | ð…ð®ð­ð®ð«ðž + ðŽð¥ð ðð¨ð¬ð­ð¬ | Germany ðŸ‡©ðŸ‡ª | ð‘ðžðšð¥ ð’ð­ðšð­ð¬ | Speed 100K/Day | INSTANT,27.821,100,500 000,No Refill,3 minutes
8550,Telegram Organic & Real Reposts | ðŽð«ð ðšð§ð¢ðœ ðŸðŸ ðŒð¢ð±ðžð ð‚ð¨ð®ð§ð­ð«ð¢ðžð¬ | HQ Static ðŸ“Š [ Views + Shares + Reactions ] | Speed 30K/Day | INSTANT,133.5408,15,1 000 000,No Refill,3 minutes
8551,Telegram Organic & Real Reposts | Israel ðŸ‡®ðŸ‡± | HQ Static ðŸ“Š [ Views + Shares + Reactions ] | Speed 30K/Day | INSTANT,133.5408,15,1 000 000,No Refill,22 minutes
8552,Telegram Organic & Real Reposts | Arabic ðŸ‡¸ðŸ‡¦ | HQ Static ðŸ“Š [ Views + Shares + Reactions ] | Speed 30K/Day | INSTANT,133.5408,15,1 000 000,No Refill,16 minutes
8554,Telegram Organic & Real Reposts | China ðŸ‡¨ðŸ‡³ | HQ Static ðŸ“Š [ Views + Shares + Reactions ] | Speed 30K/Day | INSTANT,133.5408,15,1 000 000,No Refill,16 minutes
8555,Telegram Organic & Real Reposts | USA ðŸ‡ºðŸ‡¸ | HQ Static ðŸ“Š [ Views + Shares + Reactions ] | Speed 30K/Day | INSTANT,133.5408,15,1 000 000,No Refill,22 minutes
8556,Telegram Organic & Real Reposts | India ðŸ‡®ðŸ‡³ | HQ Static ðŸ“Š [ Views + Shares + Reactions ] | Speed 30K/Day | INSTANT,133.5408,15,1 000 000,No Refill,1 minute
8557,Telegram Organic & Real Reposts | Russia ðŸ‡·ðŸ‡º | HQ Static ðŸ“Š [ Views + Shares + Reactions ] | Speed 30K/Day | INSTANT,133.5408,15,1 000 000,No Refill,7 minutes
8532,Telegram Comments [ ð‚ð”ð’ð“ðŽðŒ ] | Speed 200/Day | 0-30 Mins,4607.1576,1,10 000,No Refill,22 hours 40 minutes
17303,Telegram Comments [ ð„ðŒðŽð‰ðˆ ] | Speed 200/Day | 0-30 Mins,2882.2556,1,10 000,No Refill,22 minutes
5249,Telegram Random Comments + Views | USA ðŸ‡ºðŸ‡¸ | Speed 1-2K/Day | 0-30 Mins,945.914,10,200 000,No Refill,5 hours 6 minutes
5231,Telegram Random Comments + Views | Turkey ðŸ‡¹ðŸ‡· | Speed 1-2K/Day | 0-30 Mins,945.914,10,200 000,No Refill,27 minutes
5233,Telegram Random Comments + Views | Russia ðŸ‡·ðŸ‡º | Speed 1-2K/Day | 0-30 Mins,945.914,10,200 000,No Refill,1 minute
5232,Telegram Random Comments + Views | China ðŸ‡¨ðŸ‡³ | Speed 1-2K/Day | 0-30 Mins,945.914,10,200 000,No Refill,22 minutes
5234,Telegram Random Comments + Views | Arab ðŸ‡¸ðŸ‡¦ | Speed 1-2K/Day | 0-30 Mins,945.914,10,200 000,No Refill,11 minutes
5235,Telegram Random Comments + Views | India ðŸ‡®ðŸ‡³ | Speed 1-2K/Day | 0-30 Mins,945.914,10,200 000,No Refill,55 minutes
5236,Telegram Random Comments + Views | Germany ðŸ‡©ðŸ‡ª | Speed 1-2K/Day | 0-30 Mins,945.914,10,200 000,No Refill,55 minutes
7339,Telegram Poll Votes - [30 Days Refill] [Max 500K] [Speed 100-300K/Day] [INSTANT],178.0544,10,500 000,30 Days Refill,3 hours 22 minutes