16609,Twitter Followers | No Refill | ðŒðžðð¢ð®ð¦ ðð®ðšð¥ð¢ð­ð² | Max 200K | Speed Up To 35K/Day | 10-20% Drop Only | 0-5 Mins,1858.4428,100,200 000,No Refill,27 minutes
16608,Twitter Followers | 7 Days Refill â™»ï¸ | ðŒðžðð¢ð®ð¦ ðð®ðšð¥ð¢ð­ð² | Max 200K | Speed Up To 35K/Day | 10-20% Drop Only | 0-5 Mins,1925.2132,100,200 000,7 Days Refill,26 minutes
16610,Twitter Followers | 15 Days Refill â™»ï¸ | ðŒðžðð¢ð®ð¦ ðð®ðšð¥ð¢ð­ð² | Max 200K | Speed Up To 35K/Day | 10-20% Drop Only | 0-5 Mins,1997.5478,100,200 000,15 Days Refill,46 minutes
16611,Twitter Followers | 30 Days Refill â™»ï¸ | ðŒðžðð¢ð®ð¦ ðð®ðšð¥ð¢ð­ð² | Max 200K | Speed Up To 35K/Day | 10-20% Drop Only | 0-5 Mins,2064.3182,100,200 000,30 Days Refill,10 minutes
13375,Twitter ð”ð’ð€ ðŸ‡ºðŸ‡¸ Followers - 90 Days Refill | Max 100K | High Quality | Speed 2K/Day | Refill Button | 0-15 Mins,3204.9792,100,100 000,90 Days Refill,53 hours 33 minutes
13372,Twitter ð”ð’ð€ ðŸ‡ºðŸ‡¸ Likes - 90 Days Refill | Max 100K | High Quality | Speed 2K/Day | Refill Button 0-15 Mins,784.5522,10,5 000,90 Days Refill,3 minutes
13373,Twitter ð”ð’ð€ ðŸ‡ºðŸ‡¸ Retweet - 90 Days Refill | Max 100K | High Quality | Speed 2K/Day | Refill Button | 0-15 Mins,778.988,100,2 000,90 Days Refill,2 minutes
13374,Twitter ð‹ð€ð“ðˆð ðŸ‡¦ðŸ‡· Followers - 90 Days Refill | Max 100K | High Quality | Speed 2K/Day | Refill Button | 0-15 Mins,8073.6542,10,10 000,90 Days Refill,293 hours 11 minutes
10516,Twitter ð‹ð€ð“ðˆð ðŸ‡¦ðŸ‡· Likes - 90 Days Refill | Max 100K | High Quality | Speed 2K/Day | Refill Button 0-15 Mins,1485.6414,10,10 000,90 Days Refill,3 minutes
13378,Twitter ð‹ð€ð“ðˆð ðŸ‡¦ðŸ‡· Retweet - 90 Days Refill | Max 100K | High Quality | Speed 2K/Day | Refill Button | 0-15 Mins,3911.6326,20,100 000,90 Days Refill,33 minutes
13376,Twitter ð€ð‘ð€ð ðŸ‡¸ðŸ‡¦ Followers - 90 Days Refill | Max 100K | High Quality | Speed 2K/Day | Refill Button | 0-15 Mins,7812.1368,10,10 000,90 Days Refill,16 minutes
13377,Twitter ð€ð‘ð€ð ðŸ‡¸ðŸ‡¦ Likes - 90 Days Refill | Max 100K | High Quality | Speed 2K/Day | Refill Button 0-15 Mins,3911.6326,10,100 000,90 Days Refill,23 minutes
13379,Twitter ð€ð‘ð€ð ðŸ‡¸ðŸ‡¦ Retweet - 90 Days Refill | Max 100K | High Quality | Speed 2K/Day | Refill Button | 0-15 Mins,3911.6326,10,100 000,90 Days Refill,11 minutes
13249,Twitter Impressions - [ð€ð§ðšð¥ð²ð­ð¢ðœð¬ ðŽð«ð ðšð§ð¢ðœ ðˆð¦ð©ð«ðžð¬ð¬ð¢ð¨ð§ð¬ ð„ðŸðŸðžðœð­] [Unlimited] [Speed 500K/HR] [INSTANT],0.72369,100,100 000 000,No Refill,2 minutes
10111,Twitter Impressions - [ð€ð§ðšð¥ð²ð­ð¢ðœð¬ ðŽð«ð ðšð§ð¢ðœ ðˆð¦ð©ð«ðžð¬ð¬ð¢ð¨ð§ð¬ ð„ðŸðŸðžðœð­] [Max 10M] [Speed 10M/Day] [INSTANT],0.89053,100,100 000 000,No Refill,2 minutes
13248,Twitter Impressions - [ð€ð§ðšð¥ð²ð­ð¢ðœð¬ ðŽð«ð ðšð§ð¢ðœ ðˆð¦ð©ð«ðžð¬ð¬ð¢ð¨ð§ð¬ ð„ðŸðŸðžðœð­] [Max 10M] [Speed 5M/HR] [INSTANT],1.16874,100,100 000 000,No Refill,2 minutes
5980,Twitter Impressions - [Unlimited] [Speed 100M/Day] [ð’ð”ðð„ð‘ ð…ð€ð’ð“] [Always Instant] [ð‘ð„ð‚ðŽðŒðŒð„ððƒð„ðƒ],1.66926,100,100 000 000,No Refill,2 minutes
9187,Twitter - ð“ð°ðžðžð­ ð•ð¢ðžð°ð¬ + ðˆð¦ð©ð«ðžð¬ð¬ð¢ð¨ð§ + Details Expand + Profile Click [Speed 20M/Day] [SUPER FAST] [Non-Drop] [0-5Mins],1.22421,100,100 000 000,No Refill,2 minutes
8594,Twitter ð“ð°ðžðžð­ ð•ð¢ðžð°ð¬ + ðˆð¦ð©ð«ðžð¬ð¬ð¢ð¨ð§ð¬ - [Unlimited] [Speed 300K/HR] [Always Instant],0.66779,100,100 000 000,No Refill,2 minutes
10002,Twitter Impressions [ð“ð°ðžðžð­ ð•ð¢ðžð°ð¬] [Max 100M] [Speed 1M/Day] [INSTANT],0.72369,100,100 000 000,No Refill,47 minutes
8409,Twitter Video - [ð“ð°ðžðžð­ ð•ð¢ðžð°ð¬] [Unlimited] [Speed 5M/Day] [Always Instant],1.39105,100,100 000 000,No Refill,2 minutes
5962,Twitter Video - [ð“ð°ðžðžð­ ð•ð¢ðžð°ð¬] [Max 10M] [Speed 1M/Day] [INSTANT],0.61232,100,100 000 000,No Refill,1 minute
9184,Twitter ð“ð°ðžðžð­ ð•ð¢ðžð°ð¬ + ðˆð¦ð©ð«ðžð¬ð¬ð¢ð¨ð§ð¬ - [Unlimited] [Speed 5-10M/Day] [INSTANT],0.66779,100,100 000 000,No Refill,3 hours 32 minutes
8593,Twitter ð“ð°ðžðžð­ ð•ð¢ðžð°ð¬ + ðˆð¦ð©ð«ðžð¬ð¬ð¢ð¨ð§ð¬ - [Unlimited] [Speed 1M/Day] [Always Instant],0.72369,100,100 000 000,No Refill,1 hour 32 minutes
10001,Twitter Impressions - [ð“ð°ðžðžð­ ð•ð¢ðžð°ð¬] [Max 100M] [Speed 5M/Day] [INSTANT],1.22421,100,100 000 000,No Refill,4 minutes
13250,Twitter Impressions - [ð“ð°ðžðžð­ ð•ð¢ðžð°ð¬] [Unlimited] [Speed 100K/Min] [INSTANT],1.05737,100,100 000 000,No Refill,1 hour 37 minutes
8965,Twitter Followers Impressions - [Unlimited] [10M/Day] [0-10Mins],11.1284,200,1 000 000 000,No Refill,2 minutes
5950,Twitter Video Views - [ð”ð’ð€ ðŸ‡ºðŸ‡¸] [Max 5M] [Speed 5M/Day] [INSTANT],66.7704,100,50 000 000,No Refill,5 minutes
5958,Twitter Video Views - [ðˆð­ðšð¥ð² ðŸ‡®ðŸ‡¹] [Max 5M] [Speed 5M/Day] [INSTANT],66.7704,100,50 000 000,No Refill,23 minutes
5949,Twitter Video Views - [ð†ðžð«ð¦ðšð§ð² ðŸ‡©ðŸ‡ª] [Max 5M] [Speed 5M/Day] [INSTANT],66.7704,100,50 000 000,No Refill,6 minutes
5959,Twitter Video Views - [ð”ðŠ ðŸ‡¬ðŸ‡§] [Max 5M] [Speed 5M/Day] [INSTANT],66.7704,100,50 000 000,No Refill,33 minutes
4796,Twitter Video Views - [ðŠð¨ð«ðžðš ðŸ‡°ðŸ‡·] [Max 5M] [Speed 5M/Day] [INSTANT],66.7704,100,50 000 000,No Refill,16 minutes
3666,Twitter Video Views - [ð‘ð®ð¬ð¬ð¢ðšð§ ðŸ‡·ðŸ‡º] [Max 5M] [Speed 5M/Day] [INSTANT],66.7704,100,50 000 000,No Refill,33 minutes
5953,Twitter Video Views - [ðð«ðšð³ð¢ð¥ ðŸ‡§ðŸ‡·] [Max 5M] [Speed 5M/Day] [INSTANT],66.7704,100,50 000 000,No Refill,22 minutes
5957,Twitter Video Views - [ðˆð§ðð¢ðš ðŸ‡®ðŸ‡³] [Max 5M] [Speed 5M/Day] [INSTANT],66.7704,100,50 000 000,No Refill,11 minutes
5955,Twitter Video Views - [ð’ðšð®ðð¢ ð€ð«ðšð›ð¢ðš ðŸ‡¸ðŸ‡¦] [Max 5M] [Speed 5M/Day] [INSTANT],66.7704,100,50 000 000,No Refill,25 minutes
3667,Twitter Video Views - [ð’ð©ðšð¢ð§ ðŸ‡ªðŸ‡¸] [Max 5M] [Speed 500K/Day] [INSTANT],16.6926,100,50 000 000,No Refill,1 minute
5956,Twitter Video Views - [ð…ð«ðšð§ðœðž ðŸ‡«ðŸ‡·] [Max 5M] [Speed 500K/Day] [INSTANT],16.6926,100,50 000 000,No Refill,33 minutes
10657,Twitter ð€ð§ðšð¥ð²ð­ð¢ðœð¬ + ðŒð¨ð§ðžð­ð¢ð³ðšð­ð¢ð¨ð§ ð•ð¢ðžð°ð¬ | Minimum 100 | Speed 10M/Day | Always Instant,27.821,100,100 000 000,30 Days Refill,3 minutes
10658,Twitter ð€ð§ðšð¥ð²ð­ð¢ðœð¬ + ðŒð¨ð§ðžð­ð¢ð³ðšð­ð¢ð¨ð§ ð•ð¢ðžð°ð¬ | Minimum 1M | Speed 10M/Day | Always Instant,19.4747,1 000 000,100 000 000,30 Days Refill,17 minutes
10659,Twitter ð€ð§ðšð¥ð²ð­ð¢ðœð¬ + ðŒð¨ð§ðžð­ð¢ð³ðšð­ð¢ð¨ð§ ð•ð¢ðžð°ð¬ | Minimum 5M | Speed 10M/Day | Always Instant,8.3463,5 000 000,100 000 000,30 Days Refill,16 minutes
8926,Twitter Impressions - [ðŠð¨ð«ðžðš ðŸ‡°ðŸ‡·] [Unlimited] [10M/Day] [0-15Mins],66.7704,100,50 000 000,No Refill,59 minutes
8927,Twitter Impressions - [ðˆð­ðšð¥ð² ðŸ‡®ðŸ‡¹] [Unlimited] [10M/Day] [0-15Mins],66.7704,100,50 000 000,No Refill,7 minutes
8928,Twitter Impressions - [ð‘ð®ð¬ð¬ð¢ðš ðŸ‡·ðŸ‡º] [Unlimited] [10M/Day] [0-15Mins],66.7704,100,50 000 000,No Refill,17 minutes
8929,Twitter Impressions - [ðˆð§ðð¢ðš ðŸ‡®ðŸ‡³] [Unlimited] [10M/Day] [0-15Mins],66.7704,100,50 000 000,No Refill,12 hours 14 minutes
8930,Twitter Impressions - [ðð«ðšð³ð¢ð¥ ðŸ‡§ðŸ‡·] [Unlimited] [10M/Day] [0-15Mins],66.7704,100,50 000 000,No Refill,22 minutes
8931,Twitter Impressions - [ð†ðžð«ð¦ðšð§ð² ðŸ‡©ðŸ‡ª] [Unlimited] [10M/Day] [0-15Mins],66.7704,100,50 000 000,No Refill,23 minutes
8932,Twitter Impressions - [ð”ð’ð€ ðŸ‡ºðŸ‡¸] [Unlimited] [10M/Day] [0-15Mins],66.7704,100,50 000 000,No Refill,3 minutes
8933,Twitter Impressions - [ð”ðŠ ðŸ‡¬ðŸ‡§] [Unlimited] [10M/Day] [0-15Mins],66.7704,100,50 000 000,No Refill,5 minutes
8934,Twitter Impressions - [ð€ð«ðšð› ðŸ‡¸ðŸ‡¦] [Unlimited] [10M/Day] [0-15Mins],66.7704,100,50 000 000,No Refill,17 minutes
9119,Twitter Followers - [No Refill] [Max 50K] [ð‘ð„ð€ð‹ & ð‡ð ð”ð’ð„ð‘ð’] [Speed 10K/Day] [0-30Mins],2581.7888,10,50 000,30 Days Refill,31 minutes
9219,Twitter Followers - [ð–ð¨ð«ð¥ðð°ð¢ððž] [30 Days Refill] [Organic] [Max 500K] [Speed 5-10K/Day] [0-30 Mins],6677.04,100,5 000 000,30 Days Refill,8 minutes
9108,Twitter Followers - [30 Days Refill] [Max 100K] [ð‘ð„ð€ð‹ & ð‡ð ð”ð’ð„ð‘ð’] [Refill Button] [Speed 3-5K/Day] [0-30Mins],3978.403,10,50 000,30 Days Refill,11 minutes
9120,Twitter Likes - [Max 5K] [ð‘ð„ð€ð‹ & ð‡ð ð”ð’ð„ð‘ð’] [Speed 5K/Day] [0-30Mins],2879.4735,10,5 000,No Refill,18 minutes
10608,Twitter Likes - [Non-Drop] [Max 15K] [ðŸðŸŽðŸŽ% ðŽð‘ð†ð€ððˆð‚] [Speed 5K/Day] [0-15Mins],3149.3372,10,15 000,No Refill,28 minutes
9220,Twitter Likes - [No Refill] [Max 30K] [ð‘ð„ð€ð‹ & ð‡ð ð”ð’ð„ð‘ð’] [Speed 10K/Day] [0-30Mins],1179.6104,50,30 000,No Refill,21 minutes
8899,Twitter Likes - [ð–ð¨ð«ð¥ðð°ð¢ððž] [Organic] [Max 5K] [Speed 2-3K/Day] [0-30Mins],2170.038,10,10 000,No Refill,1 hour 8 minutes
9221,Twitter Retweets - [90 Days Refill] [Max 100K] [ð‘ð„ð€ð‹ & ð‡ð ð”ð’ð„ð‘ð’] [Speed 1-2K/Day] [0-30Mins],1446.692,100,100 000,90 Days Refill,2 minutes
9121,Twitter Retweets - [30 Days Refill] [Max 5K] [ð‘ð„ð€ð‹ & ð‡ð ð”ð’ð„ð‘ð’] [Refill Button] [Speed 5-10K/Day] [INSTANT],4451.36,20,2 000,30 Days Refill,185 hours 24 minutes
8619,Twitter Retweets - [ð–ð¨ð«ð¥ðð°ð¢ððž] [Organic] [Max 5K] [Speed 5K/Day] [0-30Mins],3616.73,50,5 000,No Refill,1 minute
16560,Twitter X ð“ð°ðžðžð­ | ð•ð¢ðžð°ð¬ ðŽð§ð¥ð² | Unlimited | Speed 10M/Day | Always Instant,0.72369,100,999 999 999,No Refill,1 hour 29 minutes
16561,Twitter X ð“ð°ðžðžð­ | ð•ð¢ðžð°ð¬ ðŽð§ð¥ð² | Unlimited | Speed 50M/Day | Always Instant,0.61232,100,999 999 999,No Refill,2 minutes
16563,Twitter X ð“ð°ðžðžð­ | ð•ð¢ðžð°ð¬ + ð€ð§ðšð¥ð²ð­ð¢ðœð¬ ðˆð¦ð©ð«ðžð¬ð¬ð¢ð¨ð§ð¬ + ð„ð§ð ðšð ðžð¦ðžð§ð­ | Unlimited | Speed 100M/Day | Always Instant,1.11284,100,100 000 000,No Refill,2 minutes
16565,Twitter X ð“ð°ðžðžð­ | ð•ð¢ðžð°ð¬ + ð€ð§ðšð¥ð²ð­ð¢ðœð¬ ðˆð¦ð©ð«ðžð¬ð¬ð¢ð¨ð§ð¬ + ð„ð§ð ðšð ðžð¦ðžð§ð­ + ðð«ð¨ðŸð¢ð¥ðž ð‚ð¥ð¢ðœð¤ + ðƒðžð­ðšð¢ð¥ð¬ ð„ð±ð©ðšð§ð | Unlimited | Speed 100M/Day | Always Instant,0.72369,100,100 000 000,No Refill,7 hours 32 minutes
16564,Twitter X ð“ð°ðžðžð­ | ð‹ð¢ð§ð¤ ð‚ð¥ð¢ðœð¤ð¬ | Unlimited | Speed 100M/Day | Always Instant,1.66926,100,100 000 000,No Refill,3 minutes
16566,Twitter X ð“ð°ðžðžð­ | ðð«ð¨ðŸð¢ð¥ðž ð‚ð¥ð¢ðœð¤ð¬ | Unlimited | Speed 100M/Day | Always Instant,1.66926,100,100 000 000,No Refill,17 minutes
16567,Twitter X ð“ð°ðžðžð­ | ðƒðžð­ðšð¢ð¥ ð‚ð¥ð¢ðœð¤s | Unlimited | Speed 100M/Day | Always Instant,1.66926,100,100 000 000,No Refill,17 minutes
16569,Twitter X ð“ð°ðžðžð­ | ð‡ðšð¬ð­ðšð ð‚ð¥ð¢ðœð¤ð¬ | Unlimited | Speed 100M/Day | Always Instant,1.66926,100,100 000 000,No Refill,55 minutes
16568,Twitter X ð“ð°ðžðžð­ | ðŒðžðð¢ðš ð•ð¢ðžð°ð¬ | Unlimited | Speed 100M/Day | Always Instant,1.39105,100,100 000 000,No Refill,2 minutes
5026,Twitter Clicks - [ðð‘ðŽð…ðˆð‹ð„] [30 Days Refill] [Unlimited] [Speed 5-10M/Day] [Always Instant],1.66926,100,100 000 000,30 Days Refill,1 minute
5991,Twitter Clicks - [ðƒð„ð“ð€ðˆð‹ð’] [90 Days Refill] [Unlimited] [Speed 20M/Day] [Always Instant],1.66926,100,100 000 000,90 Days Refill,1 minute
5999,Twitter Clicks - [ð‹ðˆððŠ] [30 Days Refill] [Unlimited] [Speed 20M/Day] [Always Instant],1.66926,100,100 000 000,30 Days Refill,1 minute
2567,Twitter Clicks - [ð‡ð€ð’ð‡ð“ð€ð†] [30 Days Refill] [Unlimited] [Speed 20M/Day] [Always Instant],1.66926,100,100 000 000,30 Days Refill,1 minute
10216,Twitter Followers - [90 Days Refill] [Max 3M] [Speed 100K/HR] [ðð„ð’ð“ & ð’ð“ð€ðð‹ð„] [ðƒð‘ðˆðð…ð„ð„ðƒ ð„ð—ð‚ð‹ð”ð’ðˆð•ð„] [0-2 Mins],15301.55,100,50 000 000,90 Days Refill,16 minutes
15884,Twitter Followers - [30 Days Refill] [Max 3M] [Speed 100K/HR] [ð‹ðžð¬ð¬ ðƒð«ð¨ð©] [0-2 Mins],6120.62,50,10 000 000,30 Days Refill,10 minutes
10730,Twitter Followers - [No Refill] [Max 1M] [Speed 10K/Minute] [Always Instant],751.167,100,1 000 000,No Refill,5 minutes
10917,Twitter Followers - ð„ð§ð ð¥ð¢ð¬ð¡ ðð«ð¨ðŸð¢ð¥ðžð¬ [15 Days Refill] [Max 100K] [Speed Upto 10K/Day] [0-15 Mins],4718.4416,10,100 000,15 Days Refill,55 minutes
10915,Twitter Followers - ð„ð§ð ð¥ð¢ð¬ð¡ ðð«ð¨ðŸð¢ð¥ðžð¬ [No Refill] [Max 100K] [Speed Upto 10K/Day] [0-15 Mins],2670.816,10,100 000,No Refill,13 minutes
7343,Twitter Followers - ð„ð§ð ð¥ð¢ð¬ð¡ ðð«ð¨ðŸð¢ð¥ðžð¬ [30 Days Refill] [Max 100K] [Speed Upto 10K/Day] [0-15 Mins],6955.25,500,100 000,30 Days Refill,23 minutes
11811,Twitter Followers - ð‡ð¢ð ð¡ ðð®ðšð¥ð¢ð­ð² ð€ðœðœð¨ð®ð§ð­ð¬ [30 Days Refill] [Max 200K] [Speed 10-20K/Day] [INSTANT],4117.508,100,200 000,30 Days Refill,11 minutes
11808,Twitter Followers - ð”ð’ð€ ðŸ‡ºðŸ‡¸ ð…ðžð¦ðšð¥ðž ðð«ð¨ðŸð¢ð¥ðžð¬ [15 Days Refill] [Max 50K] [Speed 5-10K/Day] [ðƒð‘ðˆðð…ð„ð„ðƒ ð„ð—ð‚ð‹ð”ð’ðˆð•ð„] [Always Instant],7233.46,100,50 000,15 Days Refill,22 minutes
10017,Twitter Followers - ð”ð’ð€ ðŸ‡ºðŸ‡¸ ð…ðžð¦ðšð¥ðž ðð«ð¨ðŸð¢ð¥ðžð¬ [30 Days Refill] [Max 50K] [Speed 5-10K/Day] [ðƒð‘ðˆðð…ð„ð„ðƒ ð„ð—ð‚ð‹ð”ð’ðˆð•ð„] [Always Instant],6955.25,100,50 000,30 Days Refill,17 minutes
11810,Twitter Followers - ð…ðžð¦ðšð¥ðž ð‘ðžðšð¥ ð€ðœðœð¨ð®ð§ð­ð¬ [15 Days Refill] [Max 500K] [Speed 5-10K/Day] [0-30 Mins],6677.04,500,500 000,15 Days Refill,11 minutes
12252,Twitter Followers - ð…ðžð¦ðšð¥ðž ð‘ðžðšð¥ ð€ðœðœð¨ð®ð§ð­ð¬ [30 Days Refill] [Max 500K] [Speed 5-10K/Day] [0-30 Mins],6955.25,500,500 000,30 Days Refill,23 minutes
10013,Twitter Followers - ð„ðšð¬ð­ ð€ð¬ð¢ðš | ð‰ðšð©ðšð§ - ðŠð¨ð«ðžðš - ð‡ð¨ð§ð ðŠð¨ð§ð ð€ðœðœð¬ | 15 Days Refill | 50K Max | Speed Upto 5K/Day | 0-15 Mins,6677.04,500,50 000,15 Days Refill,11 minutes
10015,Twitter Followers - ð„ðšð¬ð­ ð€ð¬ð¢ðš | ð‰ðšð©ðšð§ - ðŠð¨ð«ðžðš - ð‡ð¨ð§ð ðŠð¨ð§ð ð€ðœðœð¬ | 30 Days Refill | 50K Max | Speed Upto 5K/Day | 0-15 Mins,6788.324,500,50 000,30 Days Refill,55 minutes
10920,Twitter Followers - [30 Days Refill] [Max 50K] [ð‘ð„ð€ð‹ & ð‡ð ð”ð’ð„ð‘ð’] [Refill Button] [Speed 10K/Day] [0-30Mins],6955.25,500,50 000,30 Days Refill,23 minutes
16373,Twitter Followers | ðð…ð“ ðð«ð¨ðŸð¢ð¥ðžð¬ | Max 50K | No Refill | Low Drop | Cancel Button Enabled | 0-2 HRS,5441.7876,100,50 000,No Refill,7 hours 53 minutes
16374,Twitter Followers | ð‘ðžðšð¥ ðð«ð¨ðŸð¢ð¥ðžð¬ | Max 50K | 15 Days Refill | Low Drop | ð‘ðžðŸð¢ð¥ð¥ ðð®ð­ð­ð¨ð§ ð„ð§ðšð›ð¥ðžð | 0-2 HRS,7005.3278,100,50 000,No Refill,14 hours 58 minutes
16375,Twitter Followers | ð‘ðžðšð¥ ðð«ð¨ðŸð¢ð¥ðžð¬ | Max 50K | 30 Days Refill | Low Drop | ð‘ðžðŸð¢ð¥ð¥ ðð®ð­ð­ð¨ð§ ð„ð§ðšð›ð¥ðžð | 0-2 HRS,8346.3,10,50 000,No Refill,32 minutes
10609,Twitter Followers | ð„ð§ð ð¥ð¢ð¬ð¡ ð”ð’ð€ ðð«ð¨ðŸð¢ð¥ðžð¬ | Max 50K | No Refill | Low Drop | Cancel Button Enabled | 0-2 HRS,12797.66,100,50 000,No Refill,22 minutes
16371,Twitter Followers | ð„ð§ð ð¥ð¢ð¬ð¡ ð”ð’ð€ ðð«ð¨ðŸð¢ð¥ðžð¬ | Max 50K | 15 Days Refill | Low Drop | ð‘ðžðŸð¢ð¥ð¥ ðð®ð­ð­ð¨ð§ ð„ð§ðšð›ð¥ðžð | 0-2 HRS,14272.173,100,50 000,No Refill,11 minutes
16372,Twitter Followers | ð„ð§ð ð¥ð¢ð¬ð¡ ð”ð’ð€ ðð«ð¨ðŸð¢ð¥ðžð¬ | Max 50K | 30 Days Refill | Low Drop | ð‘ðžðŸð¢ð¥ð¥ ðð®ð­ð­ð¨ð§ ð„ð§ðšð›ð¥ðžð | 0-2 HRS,15857.97,100,50 000,No Refill,23 minutes
16376,Twitter Followers | ð„ðšð¬ð­ ð€ð¬ð¢ðšð§ ðð«ð¨ðŸð¢ð¥ðžð¬ | Max 50K | No Refill | Low Drop | Cancel Button Enabled | 0-2 HRS,12519.45,100,50 000,No Refill,23 minutes
16377,Twitter Followers | ð„ðšð¬ð­ ð€ð¬ð¢ðšð§ ðð«ð¨ðŸð¢ð¥ðžð¬ | Max 50K | 15 Days Refill | Low Drop | ð‘ðžðŸð¢ð¥ð¥ ðð®ð­ð­ð¨ð§ ð„ð§ðšð›ð¥ðžð | 0-2 HRS,10460.696,100,50 000,No Refill,23 minutes
16378,Twitter Followers | ð„ðšð¬ð­ ð€ð¬ð¢ðšð§ ðð«ð¨ðŸð¢ð¥ðžð¬ | Max 50K | 30 Days Refill | Low Drop | ð‘ðžðŸð¢ð¥ð¥ ðð®ð­ð­ð¨ð§ ð„ð§ðšð›ð¥ðžð | 0-2 HRS,11128.4,100,50 000,No Refill,22 minutes
13368,Twitter NFT Followers - ðŸðŸŽðŸŽ% ðð…ð“ ð‘ðžðšð¥ & ðŽð«ð ðšð§ð¢ðœ ð”ð¬ðžð«ð¬ [15 Days Refill] [Max 100K] [Speed 10K/Day] [0-5 Mins],6955.25,500,100 000,15 Days Refill,7 minutes
10652,Twitter NFT Followers - ðŸðŸŽðŸŽ% ðð…ð“ ð‘ðžðšð¥ & ðŽð«ð ðšð§ð¢ðœ ð”ð¬ðžð«ð¬ [30 Days Refill] [Max 100K] [Speed 5-15K/Day] [0-1HR],6677.04,500,100 000,30 Days Refill,2 minutes
12247,Twitter Followers - ðð…ð“ ðð‘ðŽð…ðˆð‹ð„ð’ [High Quality Accounts] [No Refill] [Max 100K] [Speed 5-10K/Day] [0-30 Mins],2951.8081,500,100 000,No Refill,2 minutes
11807,Twitter Followers - ðð…ð“ [No Refill] [Max 50K] [Low Drop] [Speed 5K/Day] [0-30 Mins],3082.5668,500,50 000,No Refill,33 minutes
12245,Twitter Followers - ðð…ð“ [No Refill] [Max 100K] [Female Profiles] [Speed 5-10K/Day] [INSTANT],3004.668,500,100 000,No Refill,33 minutes
5258,Twitter Followers - ðð…ð“ ð€ðœðœð¨ð®ð§ð­ð¬ [ð…ð„ðŒð€ð‹ð„] [No Refill] [Max 200K] [Speed 15K/Day] [0-1HR],2976.847,500,100 000,No Refill,2 minutes
10913,Twitter NFT Followers - ðŸðŸŽðŸŽ% ðð…ð“ ð‘ðžðšð¥ ð”ð¬ðžð«ð¬ [Max 30K] [30 Days Auto Refill] [Speed 5K/Day] [0-15 Mins],6677.04,500,30 000,No Refill,21 hours 21 minutes
10656,Twitter NFT Comments - [ð‚ð®ð¬ð­ð¨ð¦] ðŸðŸŽðŸŽ% ðð…ð“ ð‘ðžðšð¥ ð”ð¬ðžð«ð¬ [Max 1K] [INSTANT],128093.4482,1,1 000,No Refill,56 minutes
10651,Twitter NFT Followers - ðŸðŸŽðŸŽ% ðð…ð“ ð‘ðžðšð¥ ð”ð¬ðžð«ð¬ [30 Days Refill] [Max 50K] [Speed 5-10K/Day] [0-1HR],4440.2316,100,50 000,30 Days Refill,19 minutes
6049,Twitter Followers - ð€ð‘ð€ð [90 Days Refill] [Max 100K] [Non-Drop] [Speed 1-2K/Day] [0-1 HR],7622.954,10,10 000,90 Days Refill,16 minutes
6050,Twitter Followers - ð”ð’ð€ ðŸ‡ºðŸ‡¸ [FEMALE] [No Refill] [Max 10K] [Less Drop - Real] [Speed 5-10K/Day] [0-1 HR],2403.7344,10,10 000,No Refill,1 hour 12 minutes
5611,Twitter Followers - ð”ð’ð€ ðŸ‡ºðŸ‡¸ [FEMALE] [30 Days Refill] [Max 10K] [Speed 2-5K/Day] [0-1 HR],6955.25,500,10 000,30 Days Refill,55 minutes
7141,Twitter Followers - ðŒð¢ð±ðžð ð‚ð¨ð®ð§ð­ð«ð¢ðžð¬ [No Refill] [Max 100K] [Speed 5-10K/Day] [0-1HR],3026.9248,150,100 000,No Refill,55 minutes
6047,Twitter Followers - ð€ð’ðˆð€ð [30 Days Refill] [Max 50K] [Speed 5K/Day] [Instant],6677.04,500,50 000,30 Days Refill,16 minutes
3662,Twitter Likes - [ð‘ð„ð€ð‹] [30 Days Refill] [Max 100K] [Speed 20-30K/Day] [0-5Mins] [ð‘ðžðœð¨ð¦ð¦ðžð§ððžð],1391.05,50,10 000,30 Days Refill,1 minute
16178,Twitter Likes | No Refill | Max 5K | Speed 10K/Day | INSTANT,2225.68,10,5 000,No Refill,16 minutes
16516,Twitter Likes | No Refill | Max 25K | Speed 15K/Day | 0-15 Mins,589.8052,10,25 000,No Refill,10 hours 23 minutes
16395,Twitter Likes | 30 Days Refill â™»ï¸ | Max 100K | Speed 1-2K/Day | ð‘ðžðŸð¢ð¥ð¥ ðð®ð­ð­ð¨ð§ ð„ð§ðšð›ð¥ðžð | 0-15 Mins,1090.5832,10,100 000,30 Days Refill,26 minutes
16394,Twitter Likes | 30 Days Refill â™»ï¸ | Max 10K | Speed 10K/Day | ðŽð§ðž ð‚ð¥ð¢ðœð¤ ð’ð­ðšð«ð­ ðŸš€ðŸ’§,1251.945,10,10 000,30 Days Refill,18 minutes
5947,Twitter Likes - [ð„ð±ðœðžð¥ð¥ðžð§ð­ ðð®ðšð¥ð¢ð­ð²] [30 Days Refill] [Max 10K] [Speed 5-10K/Day] [INSTANT],1669.26,10,10 000,30 Days Refill,1 hour
10922,Twitter Likes - [30 Days Refill] [Max 15K] [ð‘ð„ð€ð‹ & ð‡ð ð”ð’ð„ð‘ð’] [Speed 10K/Day] [0-15Mins],2403.7344,100,3 000,30 Days Refill,22 minutes
8620,Twitter Likes - [ð–ð¨ð«ð¥ðð°ð¢ððž] [Organic] [Max 10K] [Speed 5K/Day] [0-15 Mins],1546.8476,10,10 000,No Refill,1 hour 6 minutes
9217,Twitter Likes - [No Refill] [Max 300K] [ð‘ð„ð€ð‹ & ð‡ð ð”ð’ð„ð‘ð’] [Speed 10K/Day] [0-5 Mins],1352.1006,50,300 000,No Refill,5 minutes
10921,Twitter Likes - [ð„ð±ðœðžð¥ð¥ðžð§ð­ ðð®ðšð¥ð¢ð­ð²] [60 Days Refill] [Max 15K] [Speed 20-50K/Day] [INSTANT],1224.124,50,15 000,60 Days Refill,1 minute
16397,Twitter ð‹ð€ð“ðˆð ðŸ‡¦ðŸ‡· Likes | 30 Days Refill â™»ï¸ | Max 100K | High Quality | Speed 2K/Day | Refill Button 0-15 Mins,1485.6414,10,10 000,30 Days Refill,36 minutes
7342,Twitter Likes - [ð‘ð„ð€ð‹] [No Refill] [Max 50K] [Speed 10K/Day] [Always Instant],2342.5282,100,3 000,No Refill,23 minutes
16398,Twitter ð€ð‘ð€ð ðŸ‡¸ðŸ‡¦ Likes | 30 Days Refill â™»ï¸ | Max 100K | High Quality | Speed 2K/Day | Refill Button 0-15 Mins,3911.6326,10,100 000,30 Days Refill,17 minutes
9109,Twitter Likes - [Max 10K] [ð‘ð„ð€ð‹ & ð‡ð ð”ð’ð„ð‘ð’] [Speed 3-5K/Day] [0-30Mins],1480.0772,10,10 000,No Refill,38 minutes
4814,Twitter Retweets - [REAL] [30 Days Refill] [Max 20K] [Speed 1K/HR] [Always Instant],1190.7388,100,20 000,30 Days Refill,3 minutes
5923,Twitter Retweets - [ð†ð¨ð¨ð ðð®ðšð¥ð¢ð­ð²] [30 Days Refill] [Max 1K] [STABLE] [Speed 1-2K/Day] [0-15 Mins],3561.088,100,1 000,30 Days Refill,3 minutes
9111,Twitter Retweets - [30 Days Refill] [Max 50K] [ð‘ð„ð€ð‹ & ðŽð‘ð†ð€ððˆð‚] [Refill Button] [Speed 1-3K/Day] [INSTANT],3594.4732,100,50 000,30 Days Refill,2 minutes
5928,Twitter Retweets | REAL | No Refill | Max 2K | Speed 2K/Day | 0-5 Mins,990.4276,100,2 000,No Refill,3 minutes
9218,Twitter Retweets - [No Refill] [Max 2K] [ð‘ð„ð€ð‹ & ð‡ð ð”ð’ð„ð‘ð’] [Speed 1-2K/Day] [0-30Mins],1513.4624,100,2 000,No Refill,16 minutes
16399,Twitter Retweets | No Refill | Max 50K | Speed 20K/Day | 0-5 Mins | ðŽð§ðž ð‚ð¥ð¢ðœð¤ ð’ð­ðšð«ð­,1112.84,100,50 000,No Refill,3 minutes
16400,Twitter Retweets | Lifetime Refill â™»ï¸ | Max 50K | Speed 2K/HR | ðŽð§ðž ð‚ð¥ð¢ðœð¤ ð’ð­ðšð«ð­ ðŸš€ðŸ’§,1446.692,100,25 000,Lifetime Refill,3 minutes
6847,Twitter Comments - [ð‚ð”ð’ð“ðŽðŒ] [Non-Drop] [Max 5K] [1K/Day] [0-1HR],15023.34,5,1 000,No Refill,48 minutes
4818,Twitter Comments - [ð‚ð”ð’ð“ðŽðŒ] [30 Days Refill] [Max 2K] [Speed 1-2K/Day] [INSTANT],14539.2546,10,2 000,30 Days Refill,1 hour 50 minutes
5037,Twitter Comments - [ð‘ð€ððƒðŽðŒ] [Non-Drop] [Max 5K] [1K/Day] [0-1HR],15023.34,5,5 000,No Refill,44 minutes
4819,Twitter Comments ð”ð’ð€ ðŸ‡ºðŸ‡¸ - [ð‚ð”ð’ð“ðŽðŒ] [30 Days Refill] [Max 1K] [Speed 1K/Day] [INSTANT],21756.022,5,5 000,30 Days Refill,19 hours 59 minutes
7696,Twitter Space Listeners - [5 Mins] [Max 10K] [Speed 10-20K/Day] [Always Instant],50.0778,50,10 000,No Refill,7 minutes
7697,Twitter Space Listeners - [15 Mins] [Max 10K] [Speed 10-20K/Day] [Always Instant],66.7704,50,10 000,No Refill,14 minutes
7698,Twitter Space Listeners - [30 Mins] [Max 100K] [Speed 10-20K/Day] [Always Instant],133.5408,50,10 000,No Refill,29 minutes
7699,Twitter Space Listeners - [45 Mins] [Max 10K] [Speed 10-20K/Day] [Always Instant],189.1828,50,10 000,No Refill,44 minutes
7700,Twitter Space Listeners - [60 Mins] [Max 10K] [Speed 10-20K/Day] [Always Instant],261.5174,50,10 000,No Refill,1 hour
7701,Twitter Space Listeners - [90 Mins] [Max 10K] [Speed 10-20K/Day] [Always Instant],411.7508,50,10 000,No Refill,1 hour 6 minutes
7702,Twitter Space Listeners - [120 Mins] [Max 10K] [Speed 10-20K/Day] [Always Instant],523.0348,50,10 000,No Refill,1 hour 44 minutes
9993,Twitter Space Listeners - [180 Mins] [Max 10K] [Speed 10-20K/Day] [Always Instant],756.7312,50,10 000,No Refill,2 hours 20 minutes
9994,Twitter Space Listeners - [240 Mins] [Max 10K] [Speed 10-20K/Day] [Always Instant],984.8634,50,10 000,No Refill,2 hours 20 minutes
3749,Twitter Live Stream Views - [5 Minutes] [No Refill] [Speed 10K/Day] [INSTANT] - [ð’ðžð«ð¯ðžð« ðŸ],662.1398,100,100 000,No Refill,36 minutes
3737,Twitter Live Stream Views - [15 Minutes] [No Refill] [Speed 10K/Day] [INSTANT] - [ð’ðžð«ð¯ðžð« ðŸ],1902.9564,100,100 000,No Refill,11 minutes
6680,Twitter Live Stream Views - [30 Minutes] [No Refill] [Speed 10K/Day] [INSTANT] - [ð’ðžð«ð¯ðžð« ðŸ],3650.1152,100,1 000 000,No Refill,17 minutes
6681,Twitter Live Stream Views - [45 Minutes] [No Refill] [Speed 10K/Day] [INSTANT] - [ð’ðžð«ð¯ðžð« ðŸ],5391.7098,100,9 999,No Refill,22 minutes
6682,Twitter Live Stream Views - [60 Minutes] [No Refill] [Speed 10K/Day] [INSTANT] - [ð’ðžð«ð¯ðžð« ðŸ],6999.7636,100,100 000,No Refill,55 minutes
6683,Twitter Live Stream Views - [90 Minutes] [No Refill] [Speed 10K/Day] [INSTANT] - [ð’ðžð«ð¯ðžð« ðŸ],10204.7428,100,100 000,No Refill,11 minutes
7706,Twitter Live Stream Views - [120 Minutes] [No Refill] [Speed 10K/Day] [INSTANT] - [ð’ðžð«ð¯ðžð« 1],13699.0604,100,100 000,No Refill,23 minutes
16637,Twitter Followers | 3 Days Refill â™»ï¸ | ð„ð±ðœð¡ðšð§ð ðž ðƒðžð¯ð¢ðœðž | Max 150K | Speed Up To 50K/Day | ðŸŽ-ðŸ“% ðŒðšð± ðƒð«ð¨ð© | INSTANT,1858.4428,10,100 000,No Refill,41 minutes
16638,Twitter Followers | 10 Days Refill â™»ï¸ | ð„ð±ðœð¡ðšð§ð ðž ðƒðžð¯ð¢ðœðž | Max 150K | Speed Up To 50K/Day | ðŸŽ-ðŸ“% ðŒðšð± ðƒð«ð¨ð© | INSTANT,2553.9678,10,150 000,No Refill,15 minutes
16639,Twitter Followers | 20 Days Refill â™»ï¸ | ð„ð±ðœð¡ðšð§ð ðž ðƒðžð¯ð¢ðœðž | Max 150K | Speed Up To 50K/Day | ðŸŽ-ðŸ“% ðŒðšð± ðƒð«ð¨ð© | INSTANT,2737.5864,10,150 000,No Refill,3 hours
16640,Twitter Followers | 30 Days Refill â™»ï¸ | ð„ð±ðœð¡ðšð§ð ðž ðƒðžð¯ð¢ðœðž | Max 150K | Speed Up To 50K/Day | ðŸŽ-ðŸ“% ðŒðšð± ðƒð«ð¨ð© | INSTANT,2976.847,10,150 000,30 Days Refill,11 minutes
16518,Twitter Followers | 30 Days Refill â™»ï¸ | ð–ð¨ð«ð¥ðð–ð¢ððž | Max 100K | Speed Up To 20K/Day | ð”ð¥ð­ð«ðš ð‹ð¨ð° ðƒð«ð¨ð© | 0-15 Mins,3794.7844,10,100 000,30 Days Refill,14 minutes
16517,Twitter Followers | 10 Days Refill â™»ï¸ | ð–ð¨ð«ð¥ðð–ð¢ððž | Max 100K | Speed Up To 20K/Day | ð”ð¥ð­ð«ðš ð‹ð¨ð° ðƒð«ð¨ð© | 0-15 Mins,2448.248,10,100 000,No Refill,16 minutes
16396,Twitter Followers | No Refill | ð–ð¨ð«ð¥ðð–ð¢ððž | Max 100K | Speed Up To 20K/Day | ð”ð¥ð­ð«ðš ð‹ð¨ð° ðƒð«ð¨ð© | 0-15 Mins,1797.2366,10,100 000,No Refill,11 minutes
16607,Twitter Likes | No Refill | ð–ð¨ð«ð¥ðð–ð¢ððž | Max 100K | Speed Up To 30K/Day | INSTANT,573.1126,10,100 000,No Refill,2 hours 15 minutes
16606,Twitter Likes | 30 Days Refill â™»ï¸ | ð–ð¨ð«ð¥ðð–ð¢ððž | Max 100K | Speed Up To 30K/Day | ð”ð¥ð­ð«ðš ð‹ð¨ð° ðƒð«ð¨ð© | INSTANT,773.4238,10,100 000,30 Days Refill,1 hour 18 minutes
16605,Twitter Likes | 15 Days Refill â™»ï¸ | ð–ð¨ð«ð¥ðð–ð¢ððž | Max 100K | Speed Up To 30K/Day | ð”ð¥ð­ð«ðš ð‹ð¨ð° ðƒð«ð¨ð© | INSTANT,712.2176,10,100 000,15 Days Refill,2 hours 22 minutes
16604,Twitter Likes | 7 Days Refill â™»ï¸ | ð–ð¨ð«ð¥ðð–ð¢ððž | Max 100K | Speed Up To 30K/Day | ð”ð¥ð­ð«ðš ð‹ð¨ð° ðƒð«ð¨ð© | INSTANT,673.2682,10,100 000,7 Days Refill,28 minutes
16603,Twitter Retweets | ðŸðŸŽðŸŽ% ð‘ðžðšð¥-ðƒðžð¯ð¢ðœðž | 10 Days Refill â™»ï¸ | Max 5K | ðð¨ð§-ðƒð«ð¨ð© | Speed 5K/Day | 0-5 Mins,1201.8672,100,5 000,No Refill,1 hour 21 minutes
16602,Twitter Retweets | ðŸðŸŽðŸŽ% ð‘ðžðšð¥-ðƒðžð¯ð¢ðœðž | 7 Days Refill â™»ï¸ | Max 5K | ðð¨ð§-ðƒð«ð¨ð© | Speed 5K/Day | 0-5 Mins,1073.8906,100,5 000,7 Days Refill,55 minutes
16601,Twitter Retweets | ðŸðŸŽðŸŽ% ð‘ðžðšð¥-ðƒðžð¯ð¢ðœðž | 3 Days Refill â™»ï¸ | Max 5K | ðð¨ð§-ðƒð«ð¨ð© | Speed 5K/Day | 0-5 Mins,1034.9412,100,5 000,No Refill,47 minutes
16600,Twitter Retweets | ðŸðŸŽðŸŽ% ð‘ðžðšð¥-ðƒðžð¯ð¢ðœðž | No Refill | Max 3K | Speed 2K/Day | 0-5 Mins,1007.1202,100,3 000,No Refill,9 minutes
16599,Twitter Retweets | ðŸðŸŽðŸŽ% ð‘ðžðšð¥-ðƒðžð¯ð¢ðœðž | No Refill | Max 500 | Speed 500/Day | 0-5 Mins,990.4276,100,500,No Refill,5 hours 37 minutes