10515,Whatsapp Channel Members - [Max 2K] [Speed 2K/Day] [0-1HR],4006.224,10,1 000,No Refill,5 minutes
9089,Whatsapp Premium Channel Members - [Max 1K] [Speed 1K/Day] [0-2HRS],4150.8932,10,10 000,No Refill,5 minutes
9048,Whatsapp Channel Members - [Non-Drop] [Max 1K] [ð‡ð ðŽð«ð ðšð§ð¢ðœ ð”ð¬ðžð«ð¬] [Speed 500-1K/Day] [0-3HRS],7450.4638,10,10 000,No Refill,17 minutes
9925,Whatsapp Channel Members - [Non-Drop] [Max 1K] [ð‡ð ðŽð«ð ðšð§ð¢ðœ ð”ð¬ðžð«ð¬] [Speed 500-1K/Day] [0-3HRS],7277.9736,10,1 000,No Refill,11 minutes
9965,Whatsapp Channel Members - [USA ðŸ‡ºðŸ‡¸] [Max 5K] [Speed 1K/Day] [0-1HR],3622.2942,10,3 000,No Refill,5 minutes
9964,Whatsapp Channel Members - [India ðŸ‡®ðŸ‡³] [Max 5K] [Speed 1K/Day] [0-1HR],3622.2942,10,5 000,No Refill,23 minutes
9966,Whatsapp Channel Members - [Europe ðŸ‡ªðŸ‡º] [Max 5K] [Speed 1K/Day] [0-1HR],3622.2942,10,3 000,No Refill,12 minutes
9967,Whatsapp Channel Members - [Turkey ðŸ‡¹ðŸ‡·] [Max 5K] [Speed 1K/Day] [0-1HR],3622.2942,10,5 000,No Refill,6 minutes
9919,Whatsapp Channel Post Reaction [ ðŸ˜‚ ],2014.2404,10,200,No Refill,55 minutes
9920,Whatsapp Channel Post Reaction [ ðŸ‘ ],2014.2404,10,200,No Refill,17 minutes
9921,Whatsapp Channel Post Reaction [ ðŸ™ ],2014.2404,10,200,No Refill,22 minutes
9922,Whatsapp Channel Post Reaction [ â¤ï¸ ],2014.2404,10,200,No Refill,5 minutes
9923,Whatsapp Channel Post Reaction [ ðŸ˜² ],2014.2404,10,200,No Refill,23 minutes
9924,Whatsapp Channel Post Reaction [ ðŸ˜¥ ],2014.2404,10,200,No Refill,55 minutes
9918,Whatsapp Channel Post Reaction - [Mixed ðŸ‘ â¤ï¸ ðŸ”¥ ðŸŽ‰ ðŸ˜],2014.2404,10,200,No Refill,6 minutes